Player,Age,Position,Status,Wavier Option,Base Salary,Signing Bonus,Payroll Salary,Adjusted Salary,Payroll %,Luxury Tax Salary,Team,Injured
Madison Bumgarner ,31,SP,Vet,,19000000,0,19000000,14000000,15.16,17000000,Arizona Diamondbacks,
Nick Ahmed,31,SS,Vet,,7500000,375000,8125000,8125000,8.8,8125000,Arizona Diamondbacks,
Kole Calhoun,33,RF,Vet,,8000000,0,8000000,8000000,8.67,8000000,Arizona Diamondbacks,
Eduardo Escobar,32,3B,Vet,,7500000,166668,7666668,7666668,8.3,7000000,Arizona Diamondbacks,
David Peralta,33,LF,Vet,,7500000,0,7500000,7500000,8.12,7333333,Arizona Diamondbacks,
Ketel Marte,27,CF,Arb 3,,6000000,0,6000000,6000000,6.5,4800000,Arizona Diamondbacks,Injured
Merrill Kelly,32,SP,Pre-Arb,3,4250000,0,4250000,4250000,4.6,4250000,Arizona Diamondbacks,
Joakim Soria,37,RP/CL,Vet,,3500000,0,3500000,3500000,3.79,3500000,Arizona Diamondbacks,
Luke Weaver,27,SP,Arb 1,2,1950000,0,1950000,1950000,2.11,1950000,Arizona Diamondbacks,Injured
Tyler Clippard,36,RP,Vet,,1750000,0,1750000,1750000,1.9,2250000,Arizona Diamondbacks,
Asdrubal Cabrera,35,2B,Vet,,1750000,0,1750000,1750000,1.9,1750000,Arizona Diamondbacks,Injured
Carson Kelly,26,C,Arb 1,1,1700000,0,1700000,1700000,1.84,1700000,Arizona Diamondbacks,Injured
Caleb Smith,29,SP,Arb 1,3,1465000,0,1465000,1465000,1.59,1465000,Arizona Diamondbacks,
Chris Devenski,30,RP,Arb 3,,1000000,0,1000000,1000000,1.08,1000000,Arizona Diamondbacks,Injured
Christian Walker ,30,1B,Pre-Arb,,619300,0,619300,619300,0.67,619300,Arizona Diamondbacks,
Zac Gallen ,25,SP,Pre-Arb,3,607500,0,607500,607500,0.66,607500,Arizona Diamondbacks,
Taylor Clarke,28,RP,Pre-Arb,2,601800,0,601800,601800,0.65,601800,Arizona Diamondbacks,Injured
Pavin Smith ,25,RF,Pre-Arb,3,586600,0,586600,586600,0.64,586600,Arizona Diamondbacks,
Josh Rojas ,27,SS,Pre-Arb,2,582400,0,582400,582400,0.63,582400,Arizona Diamondbacks,
Riley Smith ,26,RP,Pre-Arb,2,582300,0,582300,569842,0.62,569842,Arizona Diamondbacks,
Taylor Widener ,26,SP,Pre-Arb,3,583400,0,583400,552112,0.6,552112,Arizona Diamondbacks,
Josh Reddick ,34,RF,Vet,,750000,0,750000,548352,0.59,548352,Arizona Diamondbacks,
Matt Peacock ,27,RP,Pre-Arb,3,570500,0,570500,524457,0.57,524457,Arizona Diamondbacks,
Josh VanMeter ,26,2B,Pre-Arb,1,583400,0,583400,495646,0.54,495646,Arizona Diamondbacks,
Seth Frankoff,32,SP,Arb 1,2,570500,0,570500,441648,0.48,441648,Arizona Diamondbacks,Injured
Joe Mantiply ,30,RP,Pre-Arb,3,570500,0,570500,432447,0.47,432447,Arizona Diamondbacks,
Andy Young ,27,2B,Pre-Arb,2,570500,0,570500,417112,0.45,417112,Arizona Diamondbacks,
Daulton Varsho ,24,CF,Pre-Arb,3,570500,0,570500,401777,0.44,401777,Arizona Diamondbacks,
Noe Ramirez ,31,RP,Arb 1,,570500,0,570500,328169,0.36,328169,Arizona Diamondbacks,
Jacob Faria ,27,SP,Arb 1,,570500,0,570500,325102,0.35,325102,Arizona Diamondbacks,
Brett de Geus ,23,RP,Pre-Arb,3,570500,0,570500,303633,0.33,303633,Arizona Diamondbacks,
Bryan Holaday ,33,C,Vet,,570500,0,570500,282164,0.31,282164,Arizona Diamondbacks,
Stuart Fairchild ,25,OF,Pre-Arb,3,570500,0,570500,272963,0.3,272963,Arizona Diamondbacks,
Freddie Freeman,31,1B,Vet,,22000000,359375,22409375,22409375,15.5,16875000,Atlanta Braves,
Marcell Ozuna,30,LF,Vet,,16000000,0,16000000,16000000,11.07,16250000,Atlanta Braves,Injured
Charlie Morton,37,SP,Vet,,15000000,0,15000000,15000000,10.37,15000000,Atlanta Braves,
Will Smith,31,RP/CL,Vet,,13000000,0,13000000,13000000,8.99,13333333,Atlanta Braves,
Drew Smyly,32,SP,Vet,,11000000,0,11000000,11000000,7.61,11000000,Atlanta Braves,
Ender Inciarte,30,LF,Vet,,8000000,700000,8700000,8700000,6.02,6105000,Atlanta Braves,Injured
Travis d'Arnaud,32,C,Vet,,8000000,0,8000000,8000000,5.53,8000000,Atlanta Braves,Injured
Chris Martin,35,RP,Pre-Arb,1,7000000,0,7000000,7000000,4.84,7000000,Atlanta Braves,
Dansby Swanson,27,SS,Arb 2,3,6000000,0,6000000,6000000,4.15,6000000,Atlanta Braves,
Ronald Acuna Jr.,23,RF,Arb 1,3,5000000,0,5000000,5000000,3.46,12500000,Atlanta Braves,Injured
Max Fried,27,SP,Arb 1,1,3500000,0,3500000,3500000,2.42,3500000,Atlanta Braves,
Ozzie Albies,24,2B,Arb 1,3,3000000,0,3000000,3000000,2.07,5000000,Atlanta Braves,
Michael Soroka,23,SP,Arb 1,2,2800000,0,2800000,2800000,1.94,2800000,Atlanta Braves,Injured
Joc Pederson,29,LF,Vet,,4500000,0,4500000,1935520,1.34,1935520,Atlanta Braves,
Luke Jackson,29,RP,Arb 2,,1900000,0,1900000,1900000,1.31,1900000,Atlanta Braves,
Ehire Adrianza ,31,SS,Vet,,1500000,0,1500000,1500000,1.04,1500000,Atlanta Braves,
Stephen Vogt,36,C,Vet,,3500000,0,3500000,1467726,1.02,1467726,Atlanta Braves,
Shane Greene,32,RP,Vet,,1500000,0,1500000,1185555,0.82,1185555,Atlanta Braves,
Guillermo Heredia,30,CF,Arb 2,1,1000000,0,1000000,1000000,0.69,1000000,Atlanta Braves,
Pablo Sandoval,34,3B,Vet,,1000000,0,1000000,1000000,0.69,1000000,Atlanta Braves,
Josh Tomlin,36,RP,Vet,,1000000,0,1000000,1000000,0.69,1250000,Atlanta Braves,
Orlando Arcia,26,SS,Arb 2,1,2000000,0,2000000,978523,0.68,978523,Atlanta Braves,
Grant Dayton,33,RP,Arb 2,,900000,0,900000,900000,0.62,900000,Atlanta Braves,Injured
Abraham Almonte,32,CF,Arb 3,,990000,0,990000,665375,0.46,665375,Atlanta Braves,
Tyler Matzek ,30,RP,Pre-Arb,,600500,0,600500,600500,0.42,600500,Atlanta Braves,
Austin Riley ,24,3B,Pre-Arb,3,590500,0,590500,590500,0.41,590500,Atlanta Braves,
Touki Toussaint ,25,SP,Pre-Arb,1,590500,0,590500,590500,0.41,590500,Atlanta Braves,
Huascar Ynoa,23,RP,Pre-Arb,1,580500,0,580500,580500,0.4,580500,Atlanta Braves,Injured
Ian Anderson,23,SP,Pre-Arb,3,575500,0,575500,575500,0.4,575500,Atlanta Braves,Injured
Sean Newcomb ,28,RP,Pre-Arb,1,600500,0,600500,522936,0.36,522936,Atlanta Braves,
Edgar Santana ,29,RP,Pre-Arb,2,570500,0,570500,450849,0.31,450849,Atlanta Braves,
Kevan Smith ,33,C,Arb 2,,570500,0,570500,417112,0.29,417112,Atlanta Braves,
Tucker Davidson,25,SP,Pre-Arb,2,570500,0,570500,386442,0.27,386442,Atlanta Braves,Injured
Jesse Chavez ,37,RP,Vet,,570500,0,570500,309767,0.21,309767,Atlanta Braves,
Kyle Muller ,23,SP,Pre-Arb,3,570500,0,570500,257628,0.18,257628,Atlanta Braves,
Chris Davis,35,1B,Vet,,17000000,0,21065362,21065362,36.23,23000000,Baltimore Orioles,Injured
Trey Mancini,29,DH,Arb 2,3,4750000,0,4750000,4750000,8.17,4750000,Baltimore Orioles,
Anthony Santander,26,RF,Arb 1,1,2100000,0,2100000,2100000,3.61,2100000,Baltimore Orioles,Injured
Pedro Severino,27,C,Arb 1,,1825000,0,1825000,1825000,3.14,1825000,Baltimore Orioles,
Freddy Galvis,31,SS,Vet,,1500000,0,1500000,1500000,2.58,1500000,Baltimore Orioles,Injured
Matt Harvey,32,SP,Vet,,1000000,0,1000000,1000000,1.72,1000000,Baltimore Orioles,
Maikel Franco,28,3B,Arb 4,,800000,0,800000,800000,1.38,800000,Baltimore Orioles,
Pat Valaika ,28,SS,Arb 1,1,875000,0,875000,790272,1.36,790272,Baltimore Orioles,
John Means ,28,SP,Pre-Arb,3,593500,0,593500,593500,1.02,593500,Baltimore Orioles,
Jorge Lopez ,28,SP,Pre-Arb,,586750,0,586750,586750,1.01,586750,Baltimore Orioles,
Adam Plutko ,29,RP,Pre-Arb,,584200,0,584200,584200,1,584200,Baltimore Orioles,
Paul Fry ,28,RP,Pre-Arb,3,581000,0,581000,581000,1,581000,Baltimore Orioles,
Tanner Scott ,26,RP,Pre-Arb,1,580000,0,580000,580000,1,580000,Baltimore Orioles,
Austin Hays ,25,LF,Pre-Arb,1,578500,0,578500,578500,1,578500,Baltimore Orioles,
Cedric Mullins ,26,CF,Pre-Arb,2,577000,0,577000,577000,0.99,577000,Baltimore Orioles,
D.J. Stewart ,27,LF,Pre-Arb,1,577000,0,577000,577000,0.99,577000,Baltimore Orioles,
Cesar Valdez ,36,RP,Pre-Arb,,576500,0,576500,576500,0.99,576500,Baltimore Orioles,
Ryan Mountcastle ,24,1B,Pre-Arb,2,574500,0,574500,574500,0.99,574500,Baltimore Orioles,
Dillon Tate ,27,RP,Pre-Arb,2,574500,0,574500,574500,0.99,574500,Baltimore Orioles,
Hunter Harvey,26,RP/CL,Pre-Arb,1,574000,0,574000,574000,0.99,574000,Baltimore Orioles,Injured
Tyler Wells,26,RP,Pre-Arb,3,570500,0,570500,570500,0.98,570500,Baltimore Orioles,Injured
Cole Sulser ,31,RP,Pre-Arb,3,574500,0,574500,537486,0.92,537486,Baltimore Orioles,
Bruce Zimmermann,26,SP,Pre-Arb,3,571500,0,571500,531629,0.91,531629,Baltimore Orioles,Injured
Travis Lakins,27,RP,Pre-Arb,2,570500,0,570500,475385,0.82,475385,Baltimore Orioles,Injured
Ramon Urias ,27,2B,Pre-Arb,1,571500,0,571500,454804,0.78,454804,Baltimore Orioles,
Ryan McKenna ,24,CF,Pre-Arb,2,570500,0,570500,453916,0.78,453916,Baltimore Orioles,
Keegan Akin,26,SP,Pre-Arb,2,570500,0,570500,447782,0.77,447782,Baltimore Orioles,Injured
Austin Wynns ,30,C,Pre-Arb,,570500,0,570500,383375,0.66,383375,Baltimore Orioles,
Richie Martin,26,SS,Pre-Arb,3,570500,0,570500,383375,0.66,383375,Baltimore Orioles,Injured
Thomas Eshelman ,27,SP,Pre-Arb,2,570500,0,570500,328169,0.56,328169,Baltimore Orioles,
Domingo Leyba ,25,SS,Pre-Arb,,570500,0,570500,300566,0.52,300566,Baltimore Orioles,
Spenser Watkins ,28,RP,Pre-Arb,,570500,0,570500,291365,0.5,291365,Baltimore Orioles,
Shaun Anderson ,26,RP,Pre-Arb,2,570500,0,570500,266829,0.46,266829,Baltimore Orioles,
Alexander Wells ,24,RP,Pre-Arb,3,570500,0,570500,242293,0.42,242293,Baltimore Orioles,
Xander Bogaerts ,28,SS,Vet,,20000000,0,20000000,20000000,11.25,20000000,Boston Red Sox,
Chris Sale,32,SP,Vet,,30000000,0,30000000,20000000,11.25,25600000,Boston Red Sox,Injured
J.D. Martinez,33,DH,Vet,,19350000,0,19350000,19350000,10.88,22000000,Boston Red Sox,
Nathan Eovaldi,31,SP,Vet,,17000000,0,17000000,17000000,9.56,17000000,Boston Red Sox,
Garrett Richards,33,SP,Vet,,8500000,0,8500000,8500000,4.78,10000000,Boston Red Sox,
Eduardo Rodriguez,28,SP,Arb 4,,8300000,0,8300000,8300000,4.67,8300000,Boston Red Sox,
Adam Ottavino,35,RP,Vet,,7150000,75044,7225044,8150000,4.58,8150000,Boston Red Sox,
Christian Vazquez,30,C,Vet,,6250000,0,6250000,6250000,3.52,4516667,Boston Red Sox,
Rafael Devers,24,3B,Arb 1,3,4575000,0,4575000,4575000,2.57,4575000,Boston Red Sox,
Enrique Hernandez,29,2B,Vet,,6000000,0,6000000,4500000,2.53,7000000,Boston Red Sox,
Matt Barnes,31,RP/CL,Arb 3,,4500000,0,4500000,4500000,2.53,4500000,Boston Red Sox,
Martin Perez,30,SP,Vet,,4500000,0,4500000,4500000,2.53,5000000,Boston Red Sox,
Hunter Renfroe,29,RF,Arb 2,2,3100000,0,3100000,3100000,1.74,3100000,Boston Red Sox,
Marwin Gonzalez,32,LF,Vet,,3000000,0,3000000,3000000,1.69,3000000,Boston Red Sox,Injured
Matt Andriese,31,RP,Arb 3,,1850000,0,1850000,1850000,1.04,2100000,Boston Red Sox,Injured
Daniel Santana,30,OF,Arb 4,,1750000,0,1750000,1750000,0.98,1750000,Boston Red Sox,Injured
Kevin Plawecki,30,C,Arb 3,,1600000,0,1600000,1600000,0.9,1600000,Boston Red Sox,
Ryan Brasier,33,RP,Arb 1,1,1250000,0,1250000,1250000,0.7,1250000,Boston Red Sox,Injured
Hirokazu Sawamura,33,RP,Pre-Arb,3,1200000,0,1200000,1200000,0.67,1500000,Boston Red Sox,Injured
Brandon Workman ,32,RP,Vet,,1000000,0,1000000,709632,0.4,709632,Boston Red Sox,
Alex Verdugo ,25,CF,Pre-Arb,2,649500,0,649500,649500,0.37,649500,Boston Red Sox,
Nick Pivetta ,28,SP,Pre-Arb,,613500,0,613500,613500,0.35,613500,Boston Red Sox,
Christian Arroyo,26,SS,Pre-Arb,,581500,0,581500,581500,0.33,581500,Boston Red Sox,Injured
Josh Taylor ,28,RP,Pre-Arb,2,580500,0,580500,580500,0.33,580500,Boston Red Sox,
Darwinzon Hernandez ,24,RP,Pre-Arb,2,578500,0,578500,578500,0.33,578500,Boston Red Sox,
Bobby Dalbec ,26,1B,Pre-Arb,2,575000,0,575000,575000,0.32,575000,Boston Red Sox,
Garrett Whitlock ,25,RP,Pre-Arb,3,570500,0,570500,570500,0.32,570500,Boston Red Sox,
Phillips Valdez ,29,RP,Pre-Arb,2,578500,0,578500,444730,0.25,444730,Boston Red Sox,
Michael Chavis ,25,2B,Pre-Arb,2,575500,0,575500,361998,0.2,361998,Boston Red Sox,
Yacksel Rios ,28,RP,Arb 1,1,570500,0,570500,334303,0.19,334303,Boston Red Sox,
Franchy Cordero,26,LF,Arb 1,2,800000,0,800000,313973,0.18,313973,Boston Red Sox,
Eduard Bazardo,25,RP,Pre-Arb,3,570500,0,570500,282164,0.16,282164,Boston Red Sox,Injured
Tanner Houck ,25,SP,Pre-Arb,3,577000,0,577000,266772,0.15,266772,Boston Red Sox,
Jarren Duran ,24,2B,Pre-Arb,,570500,0,570500,245360,0.14,245360,Boston Red Sox,
Jason Heyward ,31,RF,Vet,,21000000,2500000,23500000,23500000,15.32,23000000,Chicago Cubs,
Kris Bryant,29,3B,Arb 4,,19500000,0,19500000,19500000,12.71,19500000,Chicago Cubs,
Anthony Rizzo,31,1B,Vet,,16500000,0,16500000,16500000,10.76,16500000,Chicago Cubs,
Craig Kimbrel,33,RP/CL,Vet,,16000000,0,16000000,16000000,10.43,14000000,Chicago Cubs,
Kyle Hendricks,31,SP,Vet,,14000000,0,14000000,14000000,9.13,14000000,Chicago Cubs,
Javier Baez,28,SS,Arb 3,,11650000,0,11650000,11650000,7.59,11650000,Chicago Cubs,
Zach Davies,28,SP,Arb 3,,8630000,0,8630000,8630000,5.63,8630000,Chicago Cubs,
Willson Contreras,29,C,Arb 2,2,6650000,0,6650000,6650000,4.34,6650000,Chicago Cubs,
Ian Happ,26,CF,Arb 1,2,4100000,0,4100000,4100000,2.67,4100000,Chicago Cubs,
Jake Arrieta,35,SP,Vet,,4000000,0,4000000,4000000,2.61,6000000,Chicago Cubs,Injured
Trevor Williams,29,SP,Arb 2,3,2500000,0,2500000,2500000,1.63,2500000,Chicago Cubs,
Andrew Chafin,31,RP,Vet,,2250000,0,2250000,2250000,1.47,2750000,Chicago Cubs,
Austin Romine,32,C,Vet,,1500000,0,1500000,1500000,0.98,1500000,Chicago Cubs,Injured
David Bote,28,2B,Pre-Arb,2,1000000,10000,1010000,1010000,0.66,3000000,Chicago Cubs,Injured
Matt Duffy ,30,3B,Vet,,1000000,0,1000000,1000000,0.65,1000000,Chicago Cubs,
Jake Marisnick,30,CF,Vet,,1000000,0,1000000,1000000,0.65,1500000,Chicago Cubs,
Daniel Winkler,31,RP,Arb 4,,900000,0,900000,900000,0.59,900000,Chicago Cubs,
Rex Brothers,33,RP,Vet,,850000,0,850000,850000,0.55,850000,Chicago Cubs,
Ryan Tepera,33,RP,Arb 3,,800000,0,800000,800000,0.52,800000,Chicago Cubs,
Jonathan Holder,28,RP,Arb 1,1,750000,0,750000,750000,0.49,750000,Chicago Cubs,Injured
Jose Lobaton,36,C,Vet,,1000000,0,1000000,612903,0.4,612903,Chicago Cubs,Injured
Alec Mills ,29,RP,Pre-Arb,,600000,0,600000,600000,0.39,600000,Chicago Cubs,
Rowan Wick,28,RP,Pre-Arb,1,593000,0,593000,593000,0.39,593000,Chicago Cubs,Injured
Dillon Maples ,29,RP,Pre-Arb,,576500,0,576500,576500,0.38,576500,Chicago Cubs,
Adbert Alzolay ,26,SP,Pre-Arb,1,573000,0,573000,542256,0.35,542256,Chicago Cubs,
Nico Hoerner ,24,2B,Pre-Arb,3,570500,0,570500,502988,0.33,502988,Chicago Cubs,
Robinson Chirinos,37,C,Vet,,1000000,0,1000000,483840,0.32,483840,Chicago Cubs,
Keegan Thompson ,26,RP,Pre-Arb,3,570500,0,570500,472318,0.31,472318,Chicago Cubs,
Adam Morgan ,31,RP,Arb 3,,900000,0,900000,464544,0.3,464544,Chicago Cubs,
P.J. Higgins,28,C,Pre-Arb,3,570500,0,570500,420179,0.27,420179,Chicago Cubs,Injured
Kohl Stewart,26,SP,Pre-Arb,2,700000,0,700000,402641,0.26,402641,Chicago Cubs,Injured
Patrick Wisdom ,29,3B,Pre-Arb,3,570500,0,570500,401777,0.26,401777,Chicago Cubs,
Rafael Ortega ,30,LF,Pre-Arb,,570500,0,570500,398710,0.26,398710,Chicago Cubs,
Brad Wieck,29,RP,Pre-Arb,1,570500,0,570500,392576,0.26,392576,Chicago Cubs,Injured
Trevor Megill ,27,RP,Pre-Arb,3,570500,0,570500,352705,0.23,352705,Chicago Cubs,
Yasmani Grandal,32,C,Vet,,18250000,0,18250000,18250000,13.57,18250000,Chicago White Sox,Injured
Dallas Keuchel,33,SP,Vet,,18000000,0,18000000,18000000,13.38,18500000,Chicago White Sox,
Jose Abreu,34,1B,Vet,,16000000,1666666,17666666,17666666,13.14,16666667,Chicago White Sox,
Liam Hendriks,32,RP/CL,Vet,,11000000,333333,11333333,11333333,8.43,18000000,Chicago White Sox,
Lance Lynn,34,SP,Vet,,8000000,1333334,9333334,9333334,6.94,10000000,Chicago White Sox,
Tim Anderson,28,SS,Pre-Arb,3,7250000,0,7250000,7250000,5.39,4166667,Chicago White Sox,
Yoan Moncada ,26,3B,Arb 1,2,6000000,800000,6800000,6800000,5.06,14000000,Chicago White Sox,
Eloy Jimenez,24,DH,Arb 1,2,3500000,833333,4333333,4333333,3.22,7166667,Chicago White Sox,Injured
Lucas Giolito,26,SP,Arb 1,1,4150000,0,4150000,4150000,3.09,4150000,Chicago White Sox,
Leury Garcia,30,OF,Vet,,3500000,0,3500000,3500000,2.6,3500000,Chicago White Sox,
Luis Robert,23,CF,Pre-Arb,3,3500000,0,3500000,3500000,2.6,8333333,Chicago White Sox,Injured
Carlos Rodon,28,SP,Arb 4,,3000000,0,3000000,3000000,2.23,3000000,Chicago White Sox,
Reynaldo Lopez,27,RP,Arb 1,1,2100000,0,2100000,2100000,1.56,2100000,Chicago White Sox,
Aaron Bummer ,27,RP,Pre-Arb,1,2000000,0,2000000,2000000,1.49,3200000,Chicago White Sox,
Evan Marshall,31,RP,Arb 2,,2000000,0,2000000,2000000,1.49,2000000,Chicago White Sox,Injured
Adam Engel,29,LF,Arb 1,1,1375000,0,1375000,1375000,1.02,1375000,Chicago White Sox,
Billy Hamilton ,30,CF,Vet,,1250000,0,1250000,1250000,0.93,1250000,Chicago White Sox,
Jake Lamb,30,1B,Vet,,1000000,0,1000000,1000000,0.74,1000000,Chicago White Sox,Injured
Brian Goodwin ,30,RF,Arb 2,,1000000,0,1000000,618240,0.46,618240,Chicago White Sox,
Dylan Cease ,25,SP,Pre-Arb,2,600000,0,600000,600000,0.45,600000,Chicago White Sox,
Codi Heuer ,24,RP,Pre-Arb,3,585000,0,585000,585000,0.44,585000,Chicago White Sox,
Nick Madrigal,24,2B,Pre-Arb,3,584000,0,584000,584000,0.43,584000,Chicago White Sox,Injured
Zack Collins ,26,C,Pre-Arb,1,575000,0,575000,575000,0.43,575000,Chicago White Sox,
Jose Ruiz ,26,RP,Pre-Arb,,575000,0,575000,575000,0.43,575000,Chicago White Sox,
Jimmy Cordero,29,RP,Pre-Arb,1,575000,0,575000,575000,0.43,575000,Chicago White Sox,Injured
Garrett Crochet ,22,RP,Pre-Arb,3,572000,0,572000,572000,0.43,572000,Chicago White Sox,
Michael Kopech ,25,RP,Pre-Arb,3,570500,0,570500,570500,0.42,570500,Chicago White Sox,
Andrew Vaughn ,23,LF,Pre-Arb,3,570500,0,570500,570500,0.42,570500,Chicago White Sox,
Danny Mendick ,27,SS,Pre-Arb,3,570500,0,570500,524457,0.39,524457,Chicago White Sox,
Ryan Burr ,27,RP,Pre-Arb,3,570500,0,570500,395643,0.29,395643,Chicago White Sox,
Gavin Sheets ,25,1B,Pre-Arb,3,570500,0,570500,300566,0.22,300566,Chicago White Sox,
Jake Burger ,25,3B,Pre-Arb,3,570500,0,570500,285231,0.21,285231,Chicago White Sox,
Seby Zavala ,27,C,Pre-Arb,1,570500,0,570500,272963,0.2,272963,Chicago White Sox,
Joey Votto ,37,1B,Vet,,25000000,0,25000000,25000000,20.15,23000000,Cincinnati Reds,
Mike Moustakas,32,2B,Vet,,14000000,0,14000000,14000000,11.28,16000000,Cincinnati Reds,Injured
Nick Castellanos,29,RF,Vet,,14000000,0,14075000,13849496,11.16,16000000,Cincinnati Reds,Injured
Eugenio Suarez,29,3B,Vet,,10500000,285714,10785714,10785714,8.69,9428571,Cincinnati Reds,
Sonny Gray,31,SP,Vet,,10000000,166667,10166666,10166666,8.19,10866667,Cincinnati Reds,Injured
Wade Miley,34,SP,Vet,,8000000,0,8000000,8000000,6.45,7500000,Cincinnati Reds,
Shogo Akiyama,33,CF,Pre-Arb,3,7000000,0,7000000,7000000,5.64,7000000,Cincinnati Reds,
Michael Lorenzen,29,SP,Arb 4,,4437500,0,4437500,4437500,3.58,4437500,Cincinnati Reds,Injured
Luis Castillo,28,SP,Arb 1,2,4200000,0,4200000,4200000,3.39,4200000,Cincinnati Reds,
Tucker Barnhart,30,C,Vet,,3750000,437500,4187500,4187500,3.37,4000000,Cincinnati Reds,
Jesse Winker,27,LF,Arb 1,2,3150000,0,3150000,3150000,2.54,3150000,Cincinnati Reds,
Tyler Mahle,26,SP,Arb 1,2,2200000,0,2200000,2200000,1.77,2200000,Cincinnati Reds,
Sean Doolittle,34,RP,Vet,,1500000,0,1500000,1500000,1.21,1500000,Cincinnati Reds,
Tyler Naquin ,30,RF,Arb 2,2,1500000,0,1500000,1500000,1.21,1500000,Cincinnati Reds,
Heath Hembree,32,RP,Arb 3,,1250000,0,1250000,1095360,0.88,1095360,Cincinnati Reds,
Michael Feliz,28,RP,Arb 3,,1000000,0,1000000,763456,0.62,763456,Cincinnati Reds,Injured
Kyle Farmer ,30,SS,Pre-Arb,1,640000,0,640000,640000,0.52,640000,Cincinnati Reds,
Lucas Sims,27,RP,Pre-Arb,,598500,0,598500,598500,0.48,598500,Cincinnati Reds,Injured
Jeff Hoffman ,28,SP,Pre-Arb,,585500,0,585500,585500,0.47,585500,Cincinnati Reds,
Tejay Antone,27,RP,Pre-Arb,3,580500,0,580500,580500,0.47,580500,Cincinnati Reds,Injured
Nick Senzel,26,3B,Pre-Arb,3,580500,0,580500,580500,0.47,580500,Cincinnati Reds,Injured
Aristides Aquino ,27,RF,Pre-Arb,,579000,0,579000,579000,0.47,579000,Cincinnati Reds,
Alex Blandino,28,3B,Pre-Arb,1,573000,0,573000,573000,0.46,573000,Cincinnati Reds,Injured
Jonathan India ,24,3B,Pre-Arb,3,570500,0,570500,570500,0.46,570500,Cincinnati Reds,
Tyler Stephenson ,24,C,Pre-Arb,2,570500,0,570500,570500,0.46,570500,Cincinnati Reds,
Brandon Bailey,26,SP,Pre-Arb,2,570500,0,570500,570500,0.46,570500,Cincinnati Reds,Injured
Ryan Hendrix ,26,RP,Pre-Arb,2,570500,0,570500,499921,0.4,499921,Cincinnati Reds,
Brad Brach,35,RP,Vet,,570500,0,570500,414045,0.33,414045,Cincinnati Reds,
Vladimir Gutierrez ,0,SP,Pre-Arb,3,570500,0,570500,386442,0.31,386442,Cincinnati Reds,
Mike Freeman ,33,2B,Pre-Arb,1,570500,0,570500,380308,0.31,380308,Cincinnati Reds,
Art Warren,28,RP,Pre-Arb,2,570500,0,570500,368040,0.3,368040,Cincinnati Reds,Injured
Josh Osich ,32,RP,Arb 2,1,570500,0,570500,325102,0.26,325102,Cincinnati Reds,
Tony Santillan ,24,SP,Pre-Arb,2,570500,0,570500,322035,0.26,322035,Cincinnati Reds,
Alejo Lopez ,25,2B,Pre-Arb,3,570500,0,570500,297499,0.24,297499,Cincinnati Reds,
Edgar Garcia ,24,RP,Pre-Arb,1,600000,0,600000,245176,0.2,245176,Cincinnati Reds,
Ruben Alaniz ,30,RP,Pre-Arb,2,570500,0,570500,233092,0.19,233092,Cincinnati Reds,
Jose Ramirez,28,3B,Vet,,9000000,400000,9400000,9400000,17.8,5200000,Cleveland Indians,
Eddie Rosario,29,LF,Arb 3,1,8000000,0,8000000,8000000,15.15,8000000,Cleveland Indians,Injured
Roberto Perez,32,C,Vet,,5500000,0,5500000,5500000,10.41,5500000,Cleveland Indians,
Cesar Hernandez,31,2B,Vet,,5000000,0,5000000,5000000,9.47,5000000,Cleveland Indians,
Austin Hedges,28,C,Arb 3,2,3280000,0,3280000,3280000,6.21,3280000,Cleveland Indians,
Amed Rosario,25,SS,Arb 1,2,2400000,0,2400000,2400000,4.54,2400000,Cleveland Indians,
Nick Wittgren,30,RP,Arb 2,1,2000000,0,2000000,2000000,3.79,2000000,Cleveland Indians,
Blake Parker ,36,RP,Vet,,2500000,0,2500000,1612920,3.05,1612920,Cleveland Indians,
Bryan Shaw,33,RP,Vet,,1000000,0,1000000,1000000,1.89,1000000,Cleveland Indians,
Phil Maton,28,RP,Arb 1,1,975000,0,975000,975000,1.85,975000,Cleveland Indians,
Shane Bieber,26,SP,Pre-Arb,2,679700,0,679700,679700,1.29,679700,Cleveland Indians,Injured
Franmil Reyes ,25,DH,Pre-Arb,2,602400,0,602400,602400,1.14,602400,Cleveland Indians,
Zach Plesac ,26,SP,Pre-Arb,3,590200,0,590200,590200,1.12,590200,Cleveland Indians,
Aaron Civale,26,SP,Pre-Arb,2,587400,0,587400,587400,1.11,587400,Cleveland Indians,Injured
Cal Quantrill ,26,SP,Pre-Arb,2,586200,0,586200,586200,1.11,586200,Cleveland Indians,
James Karinchak ,25,RP/CL,Pre-Arb,3,585000,0,585000,585000,1.11,585000,Cleveland Indians,
Jordan Luplow,27,LF,Pre-Arb,1,581500,0,581500,581500,1.1,581500,Cleveland Indians,Injured
Cam Hill,27,RP,Pre-Arb,3,577500,0,577500,577500,1.09,577500,Cleveland Indians,Injured
Josh Naylor,24,RF,Pre-Arb,3,577500,0,577500,577500,1.09,577500,Cleveland Indians,Injured
Emmanuel Clase ,23,RP,Pre-Arb,3,571800,0,571800,571800,1.08,571800,Cleveland Indians,
Trevor Stephan ,25,RP,Pre-Arb,3,570500,0,570500,570500,1.08,570500,Cleveland Indians,
Yu-Cheng Chang ,25,SS,Pre-Arb,1,571100,0,571100,512690,0.97,512690,Cleveland Indians,
Harold Ramirez ,26,RF,Pre-Arb,1,587000,0,587000,482868,0.91,482868,Cleveland Indians,
Sam Hentges ,24,SP,Pre-Arb,1,570500,0,570500,481519,0.91,481519,Cleveland Indians,
Nick Sandlin ,24,RP,Pre-Arb,3,570500,0,570500,478452,0.91,478452,Cleveland Indians,
Triston McKenzie ,23,RP,Pre-Arb,2,575300,0,575300,436113,0.83,436113,Cleveland Indians,
Bradley Zimmer ,28,CF,Pre-Arb,1,576700,0,576700,400029,0.76,400029,Cleveland Indians,
Jean Carlos Mejia ,24,SP,Pre-Arb,1,570500,0,570500,389509,0.74,389509,Cleveland Indians,
Bobby Bradley ,25,1B,Pre-Arb,1,570500,0,570500,368040,0.7,368040,Cleveland Indians,
Ernie Clement ,25,2B,Pre-Arb,3,570500,0,570500,343504,0.65,343504,Cleveland Indians,
Oscar Mercado ,26,OF,Pre-Arb,1,570500,0,570500,297499,0.56,297499,Cleveland Indians,
Daniel Johnson ,25,RF,Pre-Arb,2,570500,0,570500,276030,0.52,276030,Cleveland Indians,
Charlie Blackmon,35,RF,Vet,,21000000,333333,21333333,21333333,18.38,18000000,Colorado Rockies,
Trevor Story,28,SS,Arb 3,,17500000,1000000,18500000,18500000,15.94,13750000,Colorado Rockies,
German Marquez,26,SP,Arb 2,2,7500000,300000,7800000,7800000,6.72,8600000,Colorado Rockies,
Jon Gray,29,SP,Arb 3,,6000000,0,6000000,6000000,5.17,6000000,Colorado Rockies,
Kyle Freeland,28,SP,Arb 2,2,5025000,0,5025000,5025000,4.33,5025000,Colorado Rockies,
Mychal Givens,31,RP,Arb 3,,4050000,0,4050000,4050000,3.49,4050000,Colorado Rockies,
Scott Oberg,31,RP,Arb 3,,4000000,0,4000000,4000000,3.45,4333333,Colorado Rockies,Injured
Antonio Senzatela,26,SP,Arb 1,,3000000,0,3000000,3000000,2.58,3000000,Colorado Rockies,Injured
Daniel Bard,36,RP/CL,Arb 2,1,2925000,0,2925000,2925000,2.52,2925000,Colorado Rockies,
Ryan McMahon,26,2B,Arb 1,1,2375000,0,2375000,2375000,2.05,2375000,Colorado Rockies,
Raimel Tapia,27,LF,Arb 1,,1950000,0,1950000,1950000,1.68,1950000,Colorado Rockies,
Carlos Estevez,28,RP,Arb 2,,1450000,0,1450000,1450000,1.25,1450000,Colorado Rockies,
Elias Diaz ,30,C,Arb 2,,1200000,0,1200000,1200000,1.03,1200000,Colorado Rockies,
Chi Chi Gonzalez ,29,RP,Arb 1,1,1100000,0,1100000,1100000,0.95,1100000,Colorado Rockies,
C.J. Cron,31,1B,Vet,,1000000,0,1000000,1000000,0.86,1000000,Colorado Rockies,
Jhoulys Chacin,33,RP,Vet,,1000000,0,1000000,1000000,0.86,1000000,Colorado Rockies,Injured
Chris Owings,29,2B,Vet,,1000000,0,1000000,1000000,0.86,1000000,Colorado Rockies,Injured
Matt Adams ,32,1B,Vet,,1000000,0,1000000,844086,0.73,844086,Colorado Rockies,
Robert Stephenson,28,RP,Arb 1,,805000,0,805000,805000,0.69,805000,Colorado Rockies,Injured
Garrett Hampson ,26,2B,Pre-Arb,1,580500,0,580500,580500,0.5,580500,Colorado Rockies,
Tyler Kinley ,30,RP,Pre-Arb,2,580500,0,580500,580500,0.5,580500,Colorado Rockies,
Josh Fuentes ,28,1B,Pre-Arb,2,575500,0,575500,575500,0.5,575500,Colorado Rockies,
Austin Gomber ,27,SP,Pre-Arb,1,575500,0,575500,575500,0.5,575500,Colorado Rockies,
Brendan Rodgers ,24,SS,Pre-Arb,2,575500,0,575500,575500,0.5,575500,Colorado Rockies,
Yency Almonte,27,RP,Pre-Arb,,575500,0,575500,575500,0.5,575500,Colorado Rockies,Injured
Peter Lambert,24,SP,Pre-Arb,3,575500,0,575500,575500,0.5,575500,Colorado Rockies,Injured
Dom Nunez ,26,C,Pre-Arb,2,572500,0,572500,572500,0.49,572500,Colorado Rockies,
Yonathan Daza,27,RF,Pre-Arb,,572500,0,572500,572500,0.49,572500,Colorado Rockies,Injured
Jordan Sheffield,26,RP,Pre-Arb,3,570500,0,570500,570500,0.49,570500,Colorado Rockies,Injured
Ben Bowden ,26,RP,Pre-Arb,2,570500,0,570500,527524,0.45,527524,Colorado Rockies,
Lucas Gilbreath ,25,SP,Pre-Arb,3,570500,0,570500,450849,0.39,450849,Colorado Rockies,
Justin Lawrence ,26,RP,Pre-Arb,2,570500,0,570500,392576,0.34,392576,Colorado Rockies,
Connor Joe ,28,1B,Pre-Arb,3,570500,0,570500,355772,0.31,355772,Colorado Rockies,
Sam Hilliard ,27,OF,Pre-Arb,2,575500,0,575500,340340,0.29,340340,Colorado Rockies,
Zac Rosscup ,33,RP,Arb 4,,570500,0,570500,242293,0.21,242293,Colorado Rockies,
Miguel Cabrera,38,DH,Vet,,30000000,0,30000000,30000000,34.58,29200000,Detroit Tigers,
Matt Boyd,30,SP,Arb 3,,6500000,0,6500000,6500000,7.49,6500000,Detroit Tigers,Injured
Robbie Grossman,31,LF,Vet,,5000000,0,5000000,5000000,5.76,5000000,Detroit Tigers,
Jonathan Schoop,29,2B,Vet,,4500000,0,4500000,4500000,5.19,4500000,Detroit Tigers,
Daniel Norris,28,RP,Arb 3,,3475000,0,3475000,3475000,4.01,3475000,Detroit Tigers,
Jose Urena,29,SP,Arb 3,,3250000,0,3250000,3250000,3.75,3250000,Detroit Tigers,Injured
Michael Fulmer,28,RP,Arb 3,2,3100000,0,3100000,3100000,3.57,3100000,Detroit Tigers,Injured
Julio Teheran,30,SP,Vet,,3000000,0,3000000,3000000,3.46,3000000,Detroit Tigers,Injured
Jeimer Candelario,27,1B,Arb 1,,2850000,0,2850000,2850000,3.29,2850000,Detroit Tigers,
Niko Goodrum,29,2B,Arb 1,3,2100000,0,2100000,2100000,2.42,2100000,Detroit Tigers,Injured
Buck Farmer,30,RP,Arb 2,,1850000,0,1850000,1850000,2.13,1850000,Detroit Tigers,
Joe Jimenez,26,RP,Arb 1,2,1500000,0,1500000,1500000,1.73,1500000,Detroit Tigers,
Jose Cisnero,32,RP,Arb 1,1,970000,0,970000,970000,1.12,970000,Detroit Tigers,
Derek Holland,34,RP,Vet,,925000,0,925000,925000,1.07,925000,Detroit Tigers,
Wily Peralta,32,SP,Vet,,1500000,0,1500000,887150,1.02,887150,Detroit Tigers,
Erasmo Ramirez,31,RP,Vet,,800000,0,800000,640849,0.74,640849,Detroit Tigers,
Spencer Turnbull,28,SP,Pre-Arb,2,586900,0,586900,586900,0.68,586900,Detroit Tigers,Injured
Harold Castro ,27,3B,Pre-Arb,2,581700,0,581700,581700,0.67,581700,Detroit Tigers,
Gregory Soto ,26,RP/CL,Pre-Arb,1,579600,0,579600,579600,0.67,579600,Detroit Tigers,
Tyler Alexander ,26,SP,Pre-Arb,2,578800,0,578800,578800,0.67,578800,Detroit Tigers,
Tarik Skubal ,24,SP,Pre-Arb,3,574300,0,574300,574300,0.66,574300,Detroit Tigers,
Casey Mize ,24,SP,Pre-Arb,3,574100,0,574100,574100,0.66,574100,Detroit Tigers,
Akil Baddoo ,22,OF,Pre-Arb,3,570500,0,570500,570500,0.66,570500,Detroit Tigers,
Willi Castro ,24,SS,Pre-Arb,1,578500,0,578500,559800,0.65,559800,Detroit Tigers,
Victor Reyes ,26,RF,Pre-Arb,2,587100,0,587100,511272,0.59,511272,Detroit Tigers,
Grayson Greiner ,28,C,Pre-Arb,2,583100,0,583100,485925,0.56,485925,Detroit Tigers,
Kyle Funkhouser ,27,RP,Pre-Arb,2,570500,0,570500,460050,0.53,460050,Detroit Tigers,
Jake Rogers,26,C,Pre-Arb,2,570500,0,570500,456983,0.53,456983,Detroit Tigers,Injured
Eric Haase ,28,C,Pre-Arb,,570500,0,570500,441648,0.51,441648,Detroit Tigers,
Rony Garcia,23,RP,Pre-Arb,3,575000,0,575000,435831,0.5,435831,Detroit Tigers,Injured
Daz Cameron,24,OF,Pre-Arb,2,570500,0,570500,352705,0.41,352705,Detroit Tigers,Injured
Derek Hill ,25,OF,Pre-Arb,2,570500,0,570500,337370,0.39,337370,Detroit Tigers,
Zack Short ,26,2B,Pre-Arb,2,570500,0,570500,334303,0.39,334303,Detroit Tigers,
Matt Manning ,23,SP,Pre-Arb,3,570500,0,570500,303633,0.35,303633,Detroit Tigers,
Isaac Paredes,22,3B,Pre-Arb,2,570500,0,570500,285231,0.33,285231,Detroit Tigers,Injured
Ian Krol ,30,RP,Vet,,570500,0,570500,269896,0.31,269896,Detroit Tigers,
Justin Verlander,38,SP,Vet,,33000000,0,33000000,33000000,17.25,33000000,Houston Astros,Injured
Jose Altuve ,31,2B,Vet,,26000000,3000000,29000000,29000000,15.16,23357143,Houston Astros,
Zack Greinke ,37,SP,Vet,,32000000,3000000,35000000,24666667,12.9,24083333,Houston Astros,
Michael Brantley,34,LF,Vet,,16000000,0,16000000,16000000,8.37,16000000,Houston Astros,
Alex Bregman,27,3B,Arb 2,3,11000000,1666667,12666666,12666666,6.62,20000000,Houston Astros,Injured
Carlos Correa,26,SS,Arb 3,,11700000,0,11700000,11700000,6.12,11700000,Houston Astros,
Jake Odorizzi,31,SP,Vet,,6000000,3000000,9000000,9000000,4.71,7833333,Houston Astros,
Ryan Pressly,32,RP/CL,Vet,,8750000,0,8750000,8750000,4.57,6800000,Houston Astros,
Lance McCullers,27,SP,Arb 4,,6500000,583333,7083333,7083333,3.7,6500000,Houston Astros,
Yulieski Gurriel,37,1B,Pre-Arb,2,6500000,0,6500000,6500000,3.4,7000000,Houston Astros,
Pedro Baez,33,RP,Vet,,4500000,250000,4750000,4750000,2.48,6250000,Houston Astros,Injured
Joe Smith,37,RP,Vet,,4000000,0,4000000,4000000,2.09,4000000,Houston Astros,
Martin Maldonado,34,C,Vet,,3500000,0,3500000,3500000,1.83,3500000,Houston Astros,
Jason Castro,34,C,Vet,,2500000,1000000,3500000,3500000,1.83,3500000,Houston Astros,
Aledmys Diaz,30,SS,Arb 2,,3000000,0,3000000,3000000,1.57,3000000,Houston Astros,Injured
Brooks Raley,33,RP,Pre-Arb,,2000000,0,2000000,2000000,1.05,2000000,Houston Astros,Injured
Ryne Stanek,29,RP,Arb 1,1,1100000,0,1100000,1100000,0.58,1100000,Houston Astros,
Framber Valdez ,27,SP,Pre-Arb,2,637300,0,637300,637300,0.33,637300,Houston Astros,
Kyle Tucker ,24,RF,Pre-Arb,1,624300,0,624300,624300,0.33,624300,Houston Astros,
Austin Pruitt ,31,RP,Pre-Arb,,617500,0,617500,617500,0.32,617500,Houston Astros,
Yordan Alvarez ,24,DH,Pre-Arb,3,609000,0,609000,609000,0.32,609000,Houston Astros,
Jose Urquidy,26,SP,Pre-Arb,2,604200,0,604200,604200,0.32,604200,Houston Astros,Injured
Josh James,28,RP,Pre-Arb,3,602000,0,602000,602000,0.31,602000,Houston Astros,Injured
Blake Taylor ,25,RP,Pre-Arb,3,599100,0,599100,599100,0.31,599100,Houston Astros,
Myles Straw ,26,CF,Pre-Arb,2,590400,0,590400,590400,0.31,590400,Houston Astros,
Cristian Javier ,24,SP,Pre-Arb,3,620400,0,620400,580290,0.3,580290,Houston Astros,
Luis Garcia ,24,RP,Pre-Arb,3,580100,0,580100,580100,0.3,580100,Houston Astros,
Bryan Abreu ,24,RP,Pre-Arb,1,574100,0,574100,574100,0.3,574100,Houston Astros,
Chas McCormick ,26,OF,Pre-Arb,3,570500,0,570500,570500,0.3,570500,Houston Astros,
Brandon Bielak ,25,RP,Pre-Arb,3,599000,0,599000,566720,0.3,566720,Houston Astros,
Robel Garcia ,28,2B,Pre-Arb,1,580500,0,580500,558659,0.29,558659,Houston Astros,
Andre Scrubb,26,RP,Pre-Arb,3,601600,0,601600,514206,0.27,514206,Houston Astros,Injured
Kent Emanuel,29,P,Pre-Arb,3,570500,0,570500,499921,0.26,499921,Houston Astros,Injured
Abraham Toro-Hernandez ,24,3B,Pre-Arb,3,570500,0,570500,371107,0.19,371107,Houston Astros,
Garrett Stubbs ,28,C,Pre-Arb,2,570500,0,570500,340437,0.18,340437,Houston Astros,
Danny Duffy,32,SP,Vet,,15500000,0,15500000,15500000,16.62,13000000,Kansas City Royals,Injured
Salvador Perez,31,C,Vet,,13000000,1200000,14200000,14200000,15.23,8750000,Kansas City Royals,
Jorge Soler,29,DH,Arb 2,,8050000,0,8050000,8050000,8.63,8050000,Kansas City Royals,
Whit Merrifield ,32,RF,Arb 2,2,6750000,0,7450000,7450000,7.99,4062500,Kansas City Royals,
Mike Minor,33,SP,Vet,,7000000,0,7000000,7000000,7.51,9000000,Kansas City Royals,
Carlos Santana,35,1B,Vet,,7000000,0,7000000,7000000,7.51,8750000,Kansas City Royals,
Andrew Benintendi,26,LF,Arb 2,3,6600000,0,6600000,3800000,4.07,2200000,Kansas City Royals,
Brad Keller,25,SP,Arb 1,3,3350000,0,3350000,3350000,3.59,3350000,Kansas City Royals,
Greg Holland,35,RP/CL,Vet,,2750000,0,2750000,2750000,2.95,2750000,Kansas City Royals,
Adalberto Mondesi,25,SS,Arb 1,,2525000,0,2525000,2525000,2.71,2525000,Kansas City Royals,Injured
Hunter Dozier,29,3B,Arb 1,1,2250000,250000,2500000,2500000,2.68,6250000,Kansas City Royals,
Michael Taylor,30,CF,Vet,,1750000,0,1750000,1750000,1.88,1750000,Kansas City Royals,
Hanser Alberto ,28,2B,Arb 2,,1650000,0,1650000,1650000,1.77,1650000,Kansas City Royals,
Jarrod Dyson,36,CF,Vet,,1500000,0,1500000,1500000,1.61,1500000,Kansas City Royals,
Ervin Santana,38,RP,Vet,,1500000,0,1500000,1500000,1.61,1500000,Kansas City Royals,
Jesse Hahn,31,RP,Arb 3,,1350000,0,1350000,1350000,1.45,1750000,Kansas City Royals,Injured
Wade Davis,35,RP,Vet,,1250000,0,1250000,1250000,1.34,1250000,Kansas City Royals,
Scott Barlow ,28,RP,Pre-Arb,2,650000,0,650000,650000,0.7,650000,Kansas City Royals,
Cameron Gallagher ,28,C,Pre-Arb,1,604000,0,604000,604000,0.65,604000,Kansas City Royals,
Nicholas Lopez ,26,2B,Pre-Arb,3,597500,0,597500,597500,0.64,597500,Kansas City Royals,
Brady Singer,24,SP,Pre-Arb,3,593700,0,593700,593700,0.64,593700,Kansas City Royals,Injured
Josh Staumont ,27,RP,Pre-Arb,2,588700,0,588700,588700,0.63,588700,Kansas City Royals,
Kyle Zimmer ,29,RP,Pre-Arb,1,588700,0,588700,588700,0.63,588700,Kansas City Royals,
Jake Brentz ,26,RP,Pre-Arb,3,570500,0,570500,570500,0.61,570500,Kansas City Royals,
Daniel Tillo,25,RP,Pre-Arb,3,570500,0,570500,570500,0.61,570500,Kansas City Royals,Injured
Kris Bubic ,23,SP,Pre-Arb,3,570500,0,570500,475385,0.51,475385,Kansas City Royals,
Ryan O'Hearn ,27,1B,Pre-Arb,2,570500,0,570500,426313,0.46,426313,Kansas City Royals,
Carlos Hernandez ,24,RP,Pre-Arb,2,570500,0,570500,404844,0.43,404844,Kansas City Royals,
Tyler Zuber ,26,RP,Pre-Arb,3,570500,0,570500,395643,0.42,395643,Kansas City Royals,
Ronald Bolanos,24,SP,Pre-Arb,2,570500,0,570500,377241,0.4,377241,Kansas City Royals,Injured
Richard Lovelady ,25,RP,Pre-Arb,1,570500,0,570500,297499,0.32,297499,Kansas City Royals,
Emmanuel Rivera,0,3B,Pre-Arb,3,570500,0,570500,297499,0.32,297499,Kansas City Royals,Injured
Domingo Tapia ,29,RP,Pre-Arb,3,570500,0,570500,220824,0.24,220824,Kansas City Royals,
Mike Trout,29,CF,Vet,,35450000,1666667,37166667,37166667,20.36,35541667,Los Angeles Angels,Injured
Anthony Rendon,31,3B,Vet,,27500000,571428,28071428,28071428,15.38,35000000,Los Angeles Angels,Injured
Justin Upton,33,LF,Vet,,23000000,0,23000000,23000000,12.6,21200000,Los Angeles Angels,
Raisel Iglesias,31,RP/CL,Pre-Arb,,9125000,0,9125000,9125000,5,8041667,Los Angeles Angels,
Dylan Bundy,28,SP,Arb 3,,8325000,0,8325000,8325000,4.56,8325000,Los Angeles Angels,
Jose Quintana,32,RP,Vet,,8000000,0,8000000,8000000,4.38,8000000,Los Angeles Angels,
Andrew Heaney,30,SP,Arb 4,,6750000,0,6750000,6750000,3.7,6750000,Los Angeles Angels,
Alex Cobb ,33,SP,Vet,,15000000,0,15000000,5000000,2.74,4250000,Los Angeles Angels,
Jose Iglesias,31,SS,Vet,,3500000,0,3500000,3500000,1.92,3500000,Los Angeles Angels,
Shohei Ohtani,26,SP,Arb 1,3,3000000,0,3000000,3000000,1.64,4250000,Los Angeles Angels,
David Fletcher ,27,2B,Pre-Arb,3,2000000,0,2000000,2000000,1.1,5200000,Los Angeles Angels,
Dexter Fowler,35,RF,Vet,,14500000,2000000,16500000,1750000,0.96,1750000,Los Angeles Angels,Injured
Max Stassi,30,C,Arb 2,,1600000,0,1600000,1600000,0.88,1600000,Los Angeles Angels,
Kurt Suzuki,37,C,Vet,,1500000,0,1500000,1500000,0.82,1500000,Los Angeles Angels,
Juan Lagares ,32,CF,Vet,1,1250000,0,1250000,1216320,0.67,1216320,Los Angeles Angels,
Mike Mayers,29,RP,Arb 1,,1200000,0,1200000,1200000,0.66,1200000,Los Angeles Angels,
Alexander Claudio,29,RP,Arb 3,1,1125000,0,1125000,1125000,0.62,1125000,Los Angeles Angels,
Steve Cishek,35,RP,Vet,,1000000,0,1000000,1000000,0.55,1000000,Los Angeles Angels,
Tony Watson,36,RP,Vet,,1000000,0,1000000,1000000,0.55,1000000,Los Angeles Angels,
Junior Guerra ,36,RP,Arb 3,,750000,0,750000,750000,0.41,750000,Los Angeles Angels,
Franklin Barreto,25,SS,Pre-Arb,,600500,0,600500,600500,0.33,600500,Los Angeles Angels,Injured
Jared Walsh ,27,1B,Pre-Arb,1,590500,0,590500,590500,0.32,590500,Los Angeles Angels,
Luke Bard,30,RP,Pre-Arb,1,570500,0,570500,570500,0.31,570500,Los Angeles Angels,Injured
Patrick Sandoval ,24,SP,Pre-Arb,2,570500,0,570500,469251,0.26,469251,Los Angeles Angels,
Philip Gosselin ,32,2B,Arb 2,,570500,0,570500,466184,0.26,466184,Los Angeles Angels,
Jose Suarez ,23,RP,Pre-Arb,1,570500,0,570500,401777,0.22,401777,Los Angeles Angels,
Luis Rengifo ,24,SS,Pre-Arb,2,570500,0,570500,361906,0.2,361906,Los Angeles Angels,
Kean Wong ,26,2B,Pre-Arb,3,570500,0,570500,340437,0.19,340437,Los Angeles Angels,
Andrew Wantz ,25,RP,Pre-Arb,,570500,0,570500,282164,0.15,282164,Los Angeles Angels,
Jack Mayfield ,30,2B,Pre-Arb,2,570500,0,570500,272963,0.15,272963,Los Angeles Angels,
Adam Eaton,32,RF,Vet,,570500,0,570500,248427,0.14,248427,Los Angeles Angels,
Clayton Kershaw,33,SP,Vet,,23333334,7666666,31000000,31000000,12.37,31000000,Los Angeles Dodgers,Injured
Mookie Betts,28,RF,Vet,,17500000,5000000,22500000,22500000,8.98,25554824,Los Angeles Dodgers,
Kenley Jansen,33,RP/CL,Vet,,20000000,0,20000000,20000000,7.98,16000000,Los Angeles Dodgers,
A.J. Pollock,33,LF,Vet,,15000000,3000000,18000000,18000000,7.18,12000000,Los Angeles Dodgers,
Cody Bellinger,25,CF,Arb 2,3,16100000,0,16100000,16100000,6.43,16100000,Los Angeles Dodgers,
David Price,35,RP,Vet,,32000000,0,32000000,16000000,6.39,15000000,Los Angeles Dodgers,
Corey Seager,27,SS,Arb 3,,13750000,0,13750000,13750000,5.49,13750000,Los Angeles Dodgers,Injured
Justin Turner,36,3B,Vet,,8000000,4000000,12000000,12000000,4.79,17000000,Los Angeles Dodgers,
Joe Kelly,33,RP,Vet,,8500000,0,8500000,8500000,3.39,8333333,Los Angeles Dodgers,
Blake Treinen,33,RP,Vet,,6000000,2000000,8000000,8000000,3.19,8750000,Los Angeles Dodgers,
Chris Taylor,30,2B,Arb 3,,7800000,0,7800000,7800000,3.11,6700000,Los Angeles Dodgers,
Corey Knebel,29,RP,Arb 4,,5250000,0,5250000,5250000,2.1,5250000,Los Angeles Dodgers,Injured
Walker Buehler,26,SP,Arb 1,2,2750000,1000000,3750000,3750000,1.5,4000000,Los Angeles Dodgers,
Julio Urias,24,SP,Arb 1,1,3600000,0,3600000,3600000,1.44,3600000,Los Angeles Dodgers,
Austin Barnes,31,C,Arb 2,,1500000,150000,1650000,1650000,0.66,2150000,Los Angeles Dodgers,
Jimmy Nelson,32,RP,Vet,,1250000,0,1250000,1250000,0.5,1250000,Los Angeles Dodgers,Injured
Tommy Kahnle,31,RP,Arb 4,,750000,275000,1025000,1025000,0.41,2375000,Los Angeles Dodgers,Injured
Scott Alexander,31,RP,Arb 2,1,1000000,0,1000000,1000000,0.4,1000000,Los Angeles Dodgers,Injured
Caleb Ferguson,24,RP,Pre-Arb,2,600500,0,600500,600500,0.24,600500,Los Angeles Dodgers,Injured
Will Smith ,26,C,Pre-Arb,2,590500,0,590500,590500,0.24,590500,Los Angeles Dodgers,
Dustin May,23,SP,Pre-Arb,3,590500,0,590500,590500,0.24,590500,Los Angeles Dodgers,Injured
Edwin Rios,27,3B,Pre-Arb,2,590500,0,590500,590500,0.24,590500,Los Angeles Dodgers,Injured
Anthony Gonsolin ,27,RP,Pre-Arb,1,580500,0,580500,580500,0.23,580500,Los Angeles Dodgers,
Victor Gonzalez ,25,RP,Pre-Arb,3,580500,0,580500,580500,0.23,580500,Los Angeles Dodgers,
Gavin Lux,23,SS,Pre-Arb,2,580500,0,580500,580500,0.23,580500,Los Angeles Dodgers,Injured
Zach McKinstry ,26,SS,Pre-Arb,2,573000,0,573000,573000,0.23,573000,Los Angeles Dodgers,
Matt Beaty ,28,3B,Pre-Arb,2,590500,0,590500,568325,0.23,568325,Los Angeles Dodgers,
Brusdar Graterol ,22,RP,Pre-Arb,3,590500,0,590500,444500,0.18,444500,Los Angeles Dodgers,
Albert Pujols,41,DH,Vet,,570500,0,570500,426313,0.17,426313,Los Angeles Dodgers,
Phil Bickford ,25,RP,Pre-Arb,2,570500,0,570500,407911,0.16,407911,Los Angeles Dodgers,
Alex Vesia ,25,P,Pre-Arb,3,570500,0,570500,368040,0.15,368040,Los Angeles Dodgers,
Sheldon Neuse ,26,SS,Pre-Arb,3,570500,0,570500,352705,0.14,352705,Los Angeles Dodgers,
Darien Nunez ,28,RP,Pre-Arb,,570500,0,570500,260695,0.1,260695,Los Angeles Dodgers,
Jimmie Sherfy ,29,RP,Arb 1,,570500,0,570500,242293,0.1,242293,Los Angeles Dodgers,
Josiah Gray ,23,SP,Pre-Arb,,570500,0,570500,230025,0.09,230025,Los Angeles Dodgers,
Billy McKinney ,26,OF,Pre-Arb,1,578100,0,578100,229992,0.09,229992,Los Angeles Dodgers,
Starling Marte,32,CF,Vet,,12500000,0,12500000,12500000,21.03,12500000,Miami Marlins,
Miguel Rojas,32,SS,Vet,1,5000000,0,5000000,5000000,8.41,5125000,Miami Marlins,
Jesus Aguilar,31,1B,Arb 2,,4350000,0,4350000,4350000,7.32,4350000,Miami Marlins,
Brian Anderson,28,3B,Arb 1,3,3800000,0,3800000,3800000,6.39,3800000,Miami Marlins,Injured
Jorge Alfaro,28,C,Arb 1,,2050000,0,2050000,2050000,3.45,2050000,Miami Marlins,
Adam Duvall,32,RF,Arb 3,,2000000,0,2000000,2000000,3.36,5000000,Miami Marlins,
Yimi Garcia,30,RP/CL,Arb 4,,1900000,0,1900000,1900000,3.2,1900000,Miami Marlins,
Garrett Cooper,30,RF,Arb 1,2,1900000,0,1900000,1900000,3.2,1900000,Miami Marlins,Injured
Richard Bleier,34,RP,Arb 2,1,1425000,0,1425000,1425000,2.4,1425000,Miami Marlins,
Sandy Leon ,32,C,Vet,,1250000,0,1250000,1108800,1.87,1108800,Miami Marlins,
Anthony Bass,33,RP,Vet,,1000000,0,1000000,1000000,1.68,2500000,Miami Marlins,
Dylan Floro,30,RP,Arb 1,1,975000,0,975000,975000,1.64,975000,Miami Marlins,
Joe Panik,30,2B,Vet,2,1850000,0,1850000,954816,1.61,954816,Miami Marlins,
Ross Detwiler,35,RP,Vet,,850000,0,850000,850000,1.43,850000,Miami Marlins,
John Curtiss ,28,RP,Pre-Arb,2,615000,0,615000,615000,1.03,615000,Miami Marlins,
Jon Berti,31,2B,Pre-Arb,3,607500,0,607500,607500,1.02,607500,Miami Marlins,Injured
Pablo Lopez,25,SP,Pre-Arb,2,595000,0,595000,595000,1,595000,Miami Marlins,Injured
Elieser Hernandez,26,SP,Pre-Arb,2,579000,0,579000,579000,0.97,579000,Miami Marlins,Injured
Jazz Chisholm,23,2B,Pre-Arb,2,571750,0,571750,571750,0.96,571750,Miami Marlins,Injured
Magneuris Sierra ,25,CF,Pre-Arb,,571375,0,571375,571375,0.96,571375,Miami Marlins,
Zach Pop ,24,RP,Pre-Arb,3,570500,0,570500,570500,0.96,570500,Miami Marlins,
Trevor Rogers ,23,SP,Pre-Arb,3,570500,0,570500,570500,0.96,570500,Miami Marlins,
Jeff Brigham,29,RP,Pre-Arb,2,570500,0,570500,570500,0.96,570500,Miami Marlins,Injured
Anthony Bender ,26,RP,Pre-Arb,3,570500,0,570500,466184,0.78,466184,Miami Marlins,
Jose Devers,21,SS,Pre-Arb,3,570500,0,570500,456983,0.77,456983,Miami Marlins,Injured
Jordan Holloway ,25,RP,Pre-Arb,2,570500,0,570500,450849,0.76,450849,Miami Marlins,
Cody Poteet,26,SP,Pre-Arb,3,570500,0,570500,432447,0.73,432447,Miami Marlins,Injured
Lewis Brinson ,27,CF,Pre-Arb,1,587500,0,587500,423306,0.71,423306,Miami Marlins,
Daniel Castano,26,RP,Pre-Arb,2,570500,0,570500,423246,0.71,423246,Miami Marlins,Injured
Jesus Sanchez,23,OF,Pre-Arb,1,575000,0,575000,401830,0.68,401830,Miami Marlins,Injured
Isan Diaz ,25,2B,Pre-Arb,2,570500,0,570500,398710,0.67,398710,Miami Marlins,
Chad Wallach ,29,C,Pre-Arb,2,571375,0,571375,387072,0.65,387072,Miami Marlins,
Zach Thompson ,27,SP,Pre-Arb,3,570500,0,570500,368040,0.62,368040,Miami Marlins,
Steven Okert ,29,RP,Arb 2,1,570500,0,570500,294432,0.5,294432,Miami Marlins,
David Hess ,27,RP,Pre-Arb,,570500,0,570500,282164,0.47,282164,Miami Marlins,
Luis Madero ,24,SP,Pre-Arb,2,570500,0,570500,245360,0.41,245360,Miami Marlins,
Deven Marrero ,30,SS,Arb 2,,570500,0,570500,230025,0.39,230025,Miami Marlins,
Lorenzo Cain,35,CF,Vet,,17000000,0,16000000,16000000,17.13,16000000,Milwaukee Brewers,Injured
Christian Yelich ,29,LF,Vet,,14000000,0,14000000,14000000,14.99,23888888,Milwaukee Brewers,
Avisail Garcia,30,RF,Vet,,10500000,250000,10750000,10750000,11.51,10000000,Milwaukee Brewers,
Josh Hader,27,RP/CL,Arb 2,2,6675000,0,6675000,6675000,7.15,6675000,Milwaukee Brewers,
Jackie Bradley Jr.,31,CF,Vet,,6500000,0,6500000,6500000,6.96,12000000,Milwaukee Brewers,
Brandon Woodruff,28,SP,Arb 1,1,3275000,0,3275000,3275000,3.51,3275000,Milwaukee Brewers,
Brett Anderson,33,SP,Vet,,2500000,0,2500000,2500000,2.68,2500000,Milwaukee Brewers,
Omar Narvaez,29,C,Arb 2,3,2500000,0,2500000,2500000,2.68,2500000,Milwaukee Brewers,
Kolten Wong,30,2B,Vet,3,7000000,500000,7500000,2000000,2.14,9000000,Milwaukee Brewers,
Manuel Pina,34,C,Arb 3,,1650000,0,1650000,1650000,1.77,1650000,Milwaukee Brewers,
Brent Suter,31,RP,Arb 2,2,1500000,0,1550000,1550000,1.66,1550000,Milwaukee Brewers,
Travis Shaw,31,1B,Arb 3,,1500000,0,1500000,1500000,1.61,1500000,Milwaukee Brewers,Injured
Dan Vogelbach,28,1B,Pre-Arb,,1400000,0,1400000,1400000,1.5,1400000,Milwaukee Brewers,Injured
Freddy Peralta ,25,SP,Pre-Arb,2,1000000,234960,1334960,1334960,1.43,3100000,Milwaukee Brewers,
Brad Boxberger,33,RP,Vet,,1000000,0,1000000,1000000,1.07,575000,Milwaukee Brewers,
Devin Williams,26,RP,Pre-Arb,3,681100,0,681100,681100,0.73,681100,Milwaukee Brewers,Injured
Corbin Burnes ,26,SP,Pre-Arb,2,608000,0,608000,608000,0.65,608000,Milwaukee Brewers,
Hunter Strickland ,32,RP,Arb 4,,1000000,0,1000000,607488,0.65,607488,Milwaukee Brewers,
Adrian Houser ,28,SP,Pre-Arb,,584100,0,584100,584100,0.63,584100,Milwaukee Brewers,
Luis Urias ,24,3B,Pre-Arb,2,575100,0,575100,575100,0.62,575100,Milwaukee Brewers,
Justin Topa,30,RP,Pre-Arb,3,573000,0,573000,573000,0.61,573000,Milwaukee Brewers,Injured
Mark Mathias,26,2B,Pre-Arb,2,572000,0,572000,572000,0.61,572000,Milwaukee Brewers,Injured
Jace Peterson ,31,3B,Arb 4,,575000,0,575000,497651,0.53,497651,Milwaukee Brewers,
Angel Perdomo ,27,RP,Pre-Arb,2,570500,0,570500,484586,0.52,484586,Milwaukee Brewers,
Tyrone Taylor ,27,CF,Pre-Arb,2,570500,0,570500,472318,0.51,472318,Milwaukee Brewers,
Dylan File,25,RP,Pre-Arb,3,570500,0,570500,472318,0.51,472318,Milwaukee Brewers,Injured
Keston Hiura ,24,2B,Pre-Arb,2,584600,0,584600,468307,0.5,468307,Milwaukee Brewers,
Eric Lauer ,26,SP,Arb 1,3,570500,0,570500,450849,0.48,450849,Milwaukee Brewers,
Willy Adames ,25,SS,Pre-Arb,1,590000,0,590000,431400,0.46,431400,Milwaukee Brewers,
Jake Cousins ,26,RP,Pre-Arb,3,570500,0,570500,318968,0.34,318968,Milwaukee Brewers,
MIguel Sanchez ,27,RP,Pre-Arb,3,570500,0,570500,315901,0.34,315901,Milwaukee Brewers,
Rowdy Tellez ,26,1B,Pre-Arb,1,598100,0,598100,286224,0.31,286224,Milwaukee Brewers,
Jandel Gustave ,28,RP,Arb 1,1,570500,0,570500,260695,0.28,260695,Milwaukee Brewers,
Josh Donaldson,35,3B,Vet,,21000000,0,21000000,21000000,17.08,23000000,Minnesota Twins,
Miguel Sano,28,1B,Arb 3,1,11000000,0,11000000,11000000,8.95,10000000,Minnesota Twins,
Andrelton Simmons,31,SS,Vet,,10500000,0,10500000,10500000,8.54,10500000,Minnesota Twins,
Michael Pineda,32,SP,Vet,,10000000,0,10000000,10000000,8.13,10000000,Minnesota Twins,
J.A. Happ,38,SP,Vet,,8000000,0,8000000,8000000,6.51,8000000,Minnesota Twins,
Max Kepler,28,RF,Arb 3,,6500000,0,6500000,6500000,5.29,7000000,Minnesota Twins,
Jose Berrios,27,SP,Arb 2,1,5600000,500000,6100000,6100000,4.96,6100000,Minnesota Twins,
Taylor Rogers,30,RP/CL,Arb 3,2,6000000,0,6000000,6000000,4.88,6000000,Minnesota Twins,
Byron Buxton,27,CF,Arb 3,1,5125000,0,5125000,5125000,4.17,5125000,Minnesota Twins,Injured
Alex Colome,32,RP,Vet,,5000000,0,5000000,5000000,4.07,6250000,Minnesota Twins,
Jorge Polanco ,27,SS,Arb 2,,4333334,0,4333334,4333334,3.52,5150000,Minnesota Twins,
Kenta Maeda,33,SP,Pre-Arb,3,3000000,125000,3125000,2561000,2.08,2561000,Minnesota Twins,
Tyler Duffey,30,RP,Arb 2,,2200000,0,2200000,2200000,1.79,2200000,Minnesota Twins,
Hansel Robles,30,RP,Arb 4,,2000000,0,2000000,2000000,1.63,2000000,Minnesota Twins,
Caleb Thielbar ,34,RP,Pre-Arb,1,700000,0,700000,700000,0.57,700000,Minnesota Twins,
Randy Dobnak,26,RP,Pre-Arb,3,700000,0,700000,700000,0.57,1850000,Minnesota Twins,Injured
Luis Arraez ,24,2B,Pre-Arb,2,611000,0,611000,611000,0.5,611000,Minnesota Twins,
Jake Cave,28,LF,Pre-Arb,1,597500,0,597500,597500,0.49,597500,Minnesota Twins,Injured
Jorge Alcala ,25,RP,Pre-Arb,3,575500,0,575500,575500,0.47,575500,Minnesota Twins,
Edwar Colina,24,SP,Pre-Arb,3,570500,0,570500,570500,0.46,570500,Minnesota Twins,Injured
Kyle Garlick,29,RF,Pre-Arb,1,570500,0,570500,570500,0.46,570500,Minnesota Twins,Injured
Alex Kirilloff,23,DH,Pre-Arb,3,570500,0,570500,502988,0.41,502988,Minnesota Twins,Injured
Ryan Jeffers ,24,C,Pre-Arb,3,575500,0,575500,501228,0.41,501228,Minnesota Twins,
Devin Smeltzer,25,RP,Pre-Arb,1,570500,0,570500,481519,0.39,481519,Minnesota Twins,Injured
Willians Astudillo ,29,C,Pre-Arb,2,573500,0,573500,474782,0.39,474782,Minnesota Twins,
Trevor Larnach ,24,OF,Pre-Arb,3,570500,0,570500,456983,0.37,456983,Minnesota Twins,
Ben Rortvedt ,23,C,Pre-Arb,3,570500,0,570500,447782,0.36,447782,Minnesota Twins,
Nick Gordon ,25,SS,Pre-Arb,1,570500,0,570500,438581,0.36,438581,Minnesota Twins,
Luke Farrell,30,RP,Pre-Arb,,570500,0,570500,432447,0.35,432447,Minnesota Twins,Injured
Rob Refsnyder,30,RF,Arb 2,,570500,0,570500,432447,0.35,432447,Minnesota Twins,Injured
Bailey Ober ,25,SP,Pre-Arb,3,570500,0,570500,371107,0.3,371107,Minnesota Twins,
Gilberto Celestino ,22,OF,Pre-Arb,2,570500,0,570500,361906,0.29,361906,Minnesota Twins,
Derek Law,30,RP,Arb 1,,570500,0,570500,318968,0.26,318968,Minnesota Twins,Injured
Daniel Coulombe ,31,RP,Pre-Arb,,570500,0,570500,306700,0.25,306700,Minnesota Twins,
Juan Minaya ,30,RP,Arb 2,,570500,0,570500,260695,0.21,260695,Minnesota Twins,
Charlie Barnes ,25,SP,Pre-Arb,,570500,0,570500,242293,0.2,242293,Minnesota Twins,
Cody Stashak,27,RP,Pre-Arb,3,576000,0,576000,120783,0.1,120783,Minnesota Twins,Injured
Francisco Lindor,27,SS,Arb 3,,22300000,0,22300000,22300000,11.3,22300000,New York Mets,Injured
Jacob deGrom,33,SP,Vet,,33500000,2500000,36000000,22000000,11.15,21780000,New York Mets,Injured
Marcus Stroman,30,SP,Vet,2,18900000,0,18900000,18900000,9.58,18900000,New York Mets,
Jeurys Familia,31,RP,Vet,,11000000,666668,11666668,16666668,8.45,10000000,New York Mets,
Michael Conforto,28,RF,Arb 3,2,12250000,0,12250000,12250000,6.21,12250000,New York Mets,
Carlos Carrasco,34,SP,Vet,,12000000,0,12000000,12000000,6.08,11750000,New York Mets,Injured
Taijuan Walker,28,SP,Vet,,10000000,0,10000000,10000000,5.07,7666667,New York Mets,
Noah Syndergaard,28,SP,Arb 4,,9700000,0,9700000,9700000,4.92,9700000,New York Mets,Injured
James McCann,31,C,Vet,,8000000,150000,8150000,8150000,4.13,10150000,New York Mets,
Trevor May,31,RP,Vet,,7750000,0,7750000,7750000,3.93,7750000,New York Mets,
Edwin Diaz,27,RP/CL,Arb 2,3,7000000,0,7000000,7000000,3.55,7000000,New York Mets,
Dellin Betances,33,RP,Vet,,6000000,0,6000000,6000000,3.04,5250000,New York Mets,Injured
Brandon Nimmo,28,CF,Arb 2,1,4700000,0,4700000,4700000,2.38,4700000,New York Mets,
Kevin Pillar,32,CF,Vet,,3600000,0,3600000,3600000,1.82,3250000,New York Mets,
Jonathan Villar,30,OF,Vet,,3550000,0,3550000,3550000,1.8,3550000,New York Mets,
Aaron Loup,33,RP,Vet,,3000000,0,3000000,3000000,1.52,3000000,New York Mets,
Seth Lugo,31,RP,Arb 2,2,2925000,0,2925000,2925000,1.48,2925000,New York Mets,
Dominic Smith,26,LF,Arb 1,2,2550000,0,2550000,2550000,1.29,2550000,New York Mets,
J.D. Davis,28,3B,Arb 1,2,2100000,0,2100000,2100000,1.06,2100000,New York Mets,
Miguel Castro,26,RP,Arb 2,,1687500,0,1687500,1687500,0.86,1687500,New York Mets,
Robert Gsellman,27,RP,Arb 2,2,1300000,0,1300000,1300000,0.66,1300000,New York Mets,Injured
Jose Martinez,32,1B,Arb 2,2,1000000,0,1000000,1000000,0.51,1000000,New York Mets,Injured
Rich Hill,41,SP,Vet,,2500000,0,2500000,967752,0.49,967752,New York Mets,
Pete Alonso ,26,1B,Pre-Arb,3,676775,0,676775,676775,0.34,676775,New York Mets,
Jeff McNeil ,29,2B,Pre-Arb,3,642251,0,642251,642251,0.33,642251,New York Mets,
David Peterson,25,SP,Pre-Arb,3,585750,0,585750,585750,0.3,585750,New York Mets,Injured
Luis Guillorme ,26,SS,Pre-Arb,1,580701,0,580701,580701,0.29,580701,New York Mets,
Tomas Nido ,27,C,Pre-Arb,,577720,0,577720,577720,0.29,577720,New York Mets,
Joey Lucchesi,28,SP,Pre-Arb,2,607100,0,607100,574464,0.29,574464,New York Mets,Injured
Drew Smith ,27,RP,Pre-Arb,2,574500,0,574500,531308,0.27,531308,New York Mets,
Jose Peraza,27,SS,Arb 2,1,575000,0,575000,510015,0.26,510015,New York Mets,Injured
Nicholas Tropeano,30,RP,Arb 3,1,1100000,0,1100000,490862,0.25,490862,New York Mets,
Sean Reid-Foley,25,RP,Pre-Arb,1,570500,0,570500,429380,0.22,429380,New York Mets,Injured
Jordan Yamamoto,25,SP,Pre-Arb,1,570500,0,570500,417112,0.21,417112,New York Mets,Injured
Yennsy Diaz ,24,RP,Pre-Arb,2,570500,0,570500,315901,0.16,315901,New York Mets,
Tylor Megill ,25,SP,Pre-Arb,3,570500,0,570500,312834,0.16,312834,New York Mets,
Corey Oswalt,27,RP,Pre-Arb,,570500,0,570500,312834,0.16,312834,New York Mets,Injured
Travis Blankenhorn ,24,3B,Pre-Arb,3,570500,0,570500,288298,0.15,288298,New York Mets,
Robert Stock,31,RP,Pre-Arb,1,570500,0,570500,236159,0.12,236159,New York Mets,Injured
Anthony Banda ,27,RP,Pre-Arb,,570500,0,570500,233092,0.12,233092,New York Mets,
Steve Nogosek ,26,P,Pre-Arb,2,570500,0,570500,233092,0.12,233092,New York Mets,
Gerrit Cole ,30,SP,Vet,,36000000,0,36000000,36000000,17.72,36000000,New York Yankees,
Giancarlo Stanton,31,DH,Vet,,29000000,0,29000000,29000000,14.27,22000000,New York Yankees,
D.J. LeMahieu ,32,2B,Vet,,15000000,0,15000000,15000000,7.38,15000000,New York Yankees,
Aroldis Chapman,33,RP/CL,Vet,,15000000,2200000,17200000,14838710,7.3,17466667,New York Yankees,
Zack Britton,33,RP,Vet,,13000000,0,13000000,13000000,6.4,13000000,New York Yankees,
Corey Kluber,35,SP,Vet,,11000000,0,11000000,11000000,5.41,11000000,New York Yankees,Injured
Aaron Hicks,31,CF,Vet,,10500000,285714,10785714,10785714,5.31,10000000,New York Yankees,Injured
Luis Severino,27,SP,Arb 3,,10250000,500000,10750000,10750000,5.29,10000000,New York Yankees,Injured
Aaron Judge,29,RF,Arb 2,3,10175000,0,10175000,10175000,5.01,10175000,New York Yankees,Injured
Gary Sanchez,28,C,Arb 2,,6350000,0,6350000,6350000,3.13,6350000,New York Yankees,
Luke Voit,30,1B,Arb 1,2,4700000,0,4700000,4700000,2.31,4700000,New York Yankees,Injured
Giovanny Urshela,29,3B,Arb 1,,4650000,0,4650000,4650000,2.29,4650000,New York Yankees,Injured
Gleyber Torres,24,SS,Arb 1,2,4000000,0,4000000,4000000,1.97,4000000,New York Yankees,
Justin Wilson,33,RP,Vet,,2850000,0,2850000,2850000,1.4,2575000,New York Yankees,
Brett Gardner,37,LF,Vet,,1850000,1000000,2850000,2850000,1.4,2575000,New York Yankees,
Jameson Taillon,29,SP,Arb 2,1,2250000,0,2250000,2250000,1.11,2250000,New York Yankees,
Chad Green,30,RP,Arb 2,1,2150000,0,2150000,2150000,1.06,2150000,New York Yankees,
Jordan Montgomery,28,SP,Arb 2,2,2130000,0,2130000,2130000,1.05,2130000,New York Yankees,
Clint Frazier,26,OF,Arb 1,1,2100000,0,2100000,2100000,1.03,2100000,New York Yankees,Injured
Darren O'Day,38,RP,Vet,,1750000,0,1750000,1750000,0.86,1750000,New York Yankees,Injured
Luis Cessa,29,RP,Arb 1,,1050000,0,1050000,1050000,0.52,1050000,New York Yankees,
Wandy Peralta,29,RP,Arb 2,1,925000,0,925000,790707,0.39,790707,New York Yankees,Injured
Lucas Luetge ,34,RP,Vet,,600000,0,600000,600000,0.3,600000,New York Yankees,
Jonathan Loaisiga ,26,RP,Pre-Arb,1,595800,0,595800,595800,0.29,595800,New York Yankees,
Kyle Higashioka,31,C,Pre-Arb,,594000,0,594000,594000,0.29,594000,New York Yankees,Injured
Miguel Andujar,26,3B,Pre-Arb,1,639000,0,639000,583950,0.29,583950,New York Yankees,Injured
Domingo German ,28,SP,Pre-Arb,1,619675,0,619675,583100,0.29,583100,New York Yankees,
Clarke Schmidt,25,RP,Pre-Arb,3,571925,0,571925,571925,0.28,571925,New York Yankees,Injured
Rougned Odor,27,2B,Vet,,12000000,333333,12333333,570500,0.28,0,New York Yankees,
Tyler Wade ,26,2B,Pre-Arb,1,603000,0,603000,534930,0.26,534930,New York Yankees,
Michael King,26,RP,Pre-Arb,3,586500,0,586500,517092,0.25,517092,New York Yankees,Injured
Nestor Cortes ,26,RP,Pre-Arb,2,570500,0,570500,386442,0.19,386442,New York Yankees,
Albert Abreu ,25,RP,Pre-Arb,1,570500,0,570500,300566,0.15,300566,New York Yankees,
Tim Locastro ,28,OF,Pre-Arb,1,589100,0,589100,297698,0.15,297698,New York Yankees,
Chris Gittens ,27,1B,Pre-Arb,3,570500,0,570500,291365,0.14,291365,New York Yankees,
Trey Amburgey,26,OF,Pre-Arb,,570500,0,570500,245360,0.12,245360,New York Yankees,Injured
Greg Allen ,28,OF,Pre-Arb,,570500,0,570500,242293,0.12,242293,New York Yankees,
Rob Brantly ,31,C,Arb 1,,570500,0,570500,242293,0.12,242293,New York Yankees,
Estevan Florial ,23,OF,Pre-Arb,2,570500,0,570500,233092,0.11,233092,New York Yankees,
Sal Romano ,27,RP,Pre-Arb,,570500,0,570500,223891,0.11,223891,New York Yankees,
Trevor Rosenthal,31,RP/CL,Vet,,11000000,0,11000000,11000000,12.83,11000000,Oakland Athletics,Injured
Elvis Andrus,32,SS,Vet,,7750000,250000,8800000,8300000,9.68,8750000,Oakland Athletics,
Stephen Piscotty,30,RF,Arb 3,,7250000,333333,7583333,7583333,8.84,5583333,Oakland Athletics,
Mark Canha,32,LF,Arb 3,,6925000,0,6925000,6925000,8.07,6925000,Oakland Athletics,
Matt Chapman,28,3B,Arb 1,3,6490000,0,6490000,6490000,7.57,6490000,Oakland Athletics,
Sean Manaea,29,SP,Arb 3,3,5950000,0,5950000,5950000,6.94,5950000,Oakland Athletics,
Matt Olson,27,1B,Arb 1,2,5000000,0,5000000,5000000,5.83,5000000,Oakland Athletics,
Chris Bassitt,32,SP,Arb 2,,4900000,0,4900000,4900000,5.71,4900000,Oakland Athletics,
Jake Diekman,34,RP,Vet,,4000000,0,4000000,4000000,4.66,3750000,Oakland Athletics,
Michael Fiers,36,SP,Vet,,3500000,0,3500000,3500000,4.08,3500000,Oakland Athletics,Injured
Yusmeiro Petit,36,RP,Vet,,2550000,0,2550000,2550000,2.97,2550000,Oakland Athletics,
Sergio Romo,38,RP,Vet,,2500000,0,2500000,2500000,2.92,2500000,Oakland Athletics,
Chad Pinder,29,SS,Arb 2,3,2275000,0,2275000,2275000,2.65,2275000,Oakland Athletics,Injured
Mitch Moreland,35,1B,Vet,,2250000,0,2250000,2250000,2.62,2250000,Oakland Athletics,
Frankie Montas,28,SP,Arb 1,,1800000,0,1800000,1800000,2.1,1800000,Oakland Athletics,
Jed Lowrie,37,2B,Vet,,1500000,0,1500000,1500000,1.75,1500000,Oakland Athletics,
Tony Kemp,29,2B,Arb 1,,1050000,0,1050000,1050000,1.22,1050000,Oakland Athletics,
Lou Trivino,29,RP/CL,Arb 1,2,912500,0,912500,912500,1.06,912500,Oakland Athletics,
Burch Smith,31,RP,Arb 1,1,705000,0,705000,705000,0.82,705000,Oakland Athletics,
Ramon Laureano ,26,CF,Pre-Arb,2,580500,0,580500,580500,0.68,580500,Oakland Athletics,
J.B. Wendelken ,28,RP,Pre-Arb,,580500,0,580500,580500,0.68,580500,Oakland Athletics,
Aramis Garcia ,28,C,Pre-Arb,1,575500,0,575500,575500,0.67,575500,Oakland Athletics,
Sean Murphy ,26,C,Pre-Arb,3,575500,0,575500,575500,0.67,575500,Oakland Athletics,
Cole Irvin ,27,SP,Pre-Arb,2,573000,0,573000,573000,0.67,573000,Oakland Athletics,
Seth Brown ,28,1B,Pre-Arb,3,570500,0,570500,552060,0.64,552060,Oakland Athletics,
Deolis Guerra ,32,RP,Arb 1,,570500,0,570500,545926,0.64,545926,Oakland Athletics,
James Kaprielian ,27,SP,Pre-Arb,1,570500,0,570500,441648,0.51,441648,Oakland Athletics,
Sam Moll ,29,RP,Pre-Arb,2,570500,0,570500,282164,0.33,282164,Oakland Athletics,
Jacob Wilson ,30,2B,Pre-Arb,,570500,0,570500,266829,0.31,266829,Oakland Athletics,
Bryce Harper ,28,RF,Vet,,26000000,1538462,27538462,27538462,14.96,25384615,Philadelphia Phillies,
Zack Wheeler,31,SP,Vet,,22500000,0,22500000,22500000,12.22,23600000,Philadelphia Phillies,
Andrew McCutchen,34,LF,Vet,,20000000,0,20000000,20000000,10.86,16666667,Philadelphia Phillies,
Jean Segura ,31,SS,Vet,,14250000,600000,14850000,14850000,8.07,14000000,Philadelphia Phillies,
Didi Gregorius,31,SS,Vet,,12000000,750000,12750000,12750000,6.93,14000000,Philadelphia Phillies,
Aaron Nola,28,SP,Arb 3,3,11750000,500000,12250000,12250000,6.65,11250000,Philadelphia Phillies,
Odubel Herrera,29,CF,Arb 2,,10000000,350000,10350000,10350000,5.62,6100000,Philadelphia Phillies,
J.T. Realmuto,30,C,Vet,,20000000,0,20000000,10000000,5.43,23100000,Philadelphia Phillies,
Archie Bradley,28,RP,Arb 3,,6000000,0,6000000,6000000,3.26,6000000,Philadelphia Phillies,
Hector Neris,32,RP,Arb 3,,5000000,0,5000000,5000000,2.72,5000000,Philadelphia Phillies,
Rhys Hoskins,28,1B,Arb 1,3,4800000,0,4800000,4800000,2.61,4800000,Philadelphia Phillies,
Zach Eflin,27,SP,Arb 2,1,4450000,0,4450000,4450000,2.42,4450000,Philadelphia Phillies,Injured
Vincent Velasquez,29,RP,Arb 3,2,4000000,0,4000000,4000000,2.17,4000000,Philadelphia Phillies,
Chase Anderson,33,SP,Vet,,4000000,0,4000000,4000000,2.17,4000000,Philadelphia Phillies,Injured
Brad Miller,31,2B,Vet,3,3500000,0,3500000,3500000,1.9,3500000,Philadelphia Phillies,
Brandon Kintzler,36,RP,Vet,,3000000,0,3000000,3000000,1.63,3000000,Philadelphia Phillies,
Matt Moore,32,SP,Vet,,3000000,0,3000000,3000000,1.63,3000000,Philadelphia Phillies,
Matt Joyce,36,LF,Vet,,1500000,0,1500000,1500000,0.81,1500000,Philadelphia Phillies,Injured
Andrew Knapp,29,C,Arb 2,3,1100000,0,1100000,1100000,0.6,1100000,Philadelphia Phillies,
Jose Alvarado,26,RP/CL,Arb 1,2,1000000,0,1000000,1000000,0.54,1000000,Philadelphia Phillies,
Ronald Torreyes ,28,2B,Arb 1,,800000,0,800000,800000,0.43,800000,Philadelphia Phillies,
Seranthony Dominguez,26,RP,Pre-Arb,2,727500,0,727500,727500,0.4,727500,Philadelphia Phillies,Injured
Roman Quinn,28,CF,Pre-Arb,,578000,0,578000,578000,0.31,578000,Philadelphia Phillies,Injured
Alec Bohm ,24,3B,Pre-Arb,3,575000,0,575000,575000,0.31,575000,Philadelphia Phillies,
Sam Coonrod,28,RP,Pre-Arb,2,573000,0,573000,573000,0.31,573000,Philadelphia Phillies,Injured
Connor Brogdon ,26,RP,Pre-Arb,3,571500,0,571500,571500,0.31,571500,Philadelphia Phillies,
JoJo Romero,24,RP,Pre-Arb,2,570500,0,570500,536725,0.29,536725,Philadelphia Phillies,Injured
Ranger Suarez ,25,RP,Pre-Arb,1,570500,0,570500,460050,0.25,460050,Philadelphia Phillies,
Travis Jankowski ,30,RF,Arb 3,,570500,0,570500,386442,0.21,386442,Philadelphia Phillies,
Spencer Howard ,24,SP,Pre-Arb,3,570500,0,570500,361906,0.2,361906,Philadelphia Phillies,
Lucas Williams ,24,SS,Pre-Arb,3,570500,0,570500,358839,0.19,358839,Philadelphia Phillies,
Bailey Falter,24,RP,Pre-Arb,3,570500,0,570500,358839,0.19,358839,Philadelphia Phillies,Injured
Enyel De Los Santos ,25,SP,Pre-Arb,1,570500,0,570500,343504,0.19,343504,Philadelphia Phillies,
Cristopher Sanchez ,24,P,Pre-Arb,2,570500,0,570500,269896,0.15,269896,Philadelphia Phillies,
JD Hammer,26,RP,Pre-Arb,2,570500,0,570500,260695,0.14,260695,Philadelphia Phillies,Injured
Gregory Polanco,29,RF,Vet,,11000000,600000,11600000,11600000,20.73,11600000,Pittsburgh Pirates,
Adam Frazier,29,2B,Arb 2,2,4300000,0,4300000,4300000,7.68,4300000,Pittsburgh Pirates,
Colin Moran,28,1B,Arb 1,1,2800000,0,2800000,2800000,5,2800000,Pittsburgh Pirates,Injured
Tyler Anderson,31,SP,Arb 3,1,2500000,0,2500000,2500000,4.47,2500000,Pittsburgh Pirates,
Chad Kuhl,28,SP,Arb 2,2,2130000,0,2130000,2130000,3.81,2130000,Pittsburgh Pirates,
Steven Brault,29,SP,Arb 1,1,2050000,0,2050000,2050000,3.66,2050000,Pittsburgh Pirates,Injured
Richard Rodriguez,31,RP/CL,Arb 1,3,1700000,0,1700000,1700000,3.04,1700000,Pittsburgh Pirates,
Trevor Cahill,33,SP,Vet,,1500000,0,1500000,1500000,2.68,1500000,Pittsburgh Pirates,Injured
Jacob Stallings,31,C,Arb 1,,1300000,0,1300000,1300000,2.32,1300000,Pittsburgh Pirates,
Erik Gonzalez,29,SS,Arb 2,,1225000,0,1225000,1225000,2.19,1225000,Pittsburgh Pirates,Injured
Ben Gamel,29,CF,Arb 2,1,1500000,0,1500000,1177490,2.1,1177490,Pittsburgh Pirates,
Chasen Shreve,30,RP,Arb 4,,1500000,0,1500000,1169425,2.09,1169425,Pittsburgh Pirates,
Chris Stratton,30,RP,Arb 1,,1100000,0,1100000,1100000,1.97,1100000,Pittsburgh Pirates,
Wilmer Difo ,29,SS,Arb 2,,1000000,0,1000000,849408,1.52,849408,Pittsburgh Pirates,
Phillip Evans ,28,3B,Pre-Arb,2,650000,0,650000,650000,1.16,650000,Pittsburgh Pirates,
Clay Holmes ,28,RP,Pre-Arb,,650000,0,650000,650000,1.16,650000,Pittsburgh Pirates,
Bryan Reynolds ,26,LF,Pre-Arb,3,601000,0,601000,601000,1.07,601000,Pittsburgh Pirates,
Kevin Newman ,27,SS,Pre-Arb,3,598000,0,598000,598000,1.07,598000,Pittsburgh Pirates,
Michael Perez ,28,C,Pre-Arb,2,591500,0,591500,591500,1.06,591500,Pittsburgh Pirates,
JT Brubaker ,27,SP,Pre-Arb,2,590500,0,590500,590500,1.06,590500,Pittsburgh Pirates,
Ke'Bryan Hayes ,24,3B,Pre-Arb,3,589500,0,589500,589500,1.05,589500,Pittsburgh Pirates,
Duane Underwood ,26,RP,Pre-Arb,,584500,0,584500,584500,1.04,584500,Pittsburgh Pirates,
David Bednar ,26,RP,Pre-Arb,2,579000,0,579000,579000,1.03,579000,Pittsburgh Pirates,
Blake Cederlind,25,RP,Pre-Arb,2,579000,0,579000,579000,1.03,579000,Pittsburgh Pirates,Injured
Sam Howard,28,RP,Pre-Arb,2,596000,0,575000,575000,1.03,596000,Pittsburgh Pirates,Injured
Luis Oviedo ,22,RP,Pre-Arb,3,570500,0,570500,570500,1.02,570500,Pittsburgh Pirates,
Jose Soriano,22,RP,Pre-Arb,3,570500,0,570500,570500,1.02,570500,Pittsburgh Pirates,Injured
Austin Davis ,28,RP,Pre-Arb,2,588000,0,588000,518404,0.93,518404,Pittsburgh Pirates,
Ka'Ai Tom,27,CF,Pre-Arb,3,570500,0,570500,506055,0.9,506055,Pittsburgh Pirates,Injured
Wil Crowe ,26,SP,Pre-Arb,2,574000,0,574000,481416,0.86,481416,Pittsburgh Pirates,
Chase De Jong,27,SP,Pre-Arb,,570500,0,570500,386442,0.69,386442,Pittsburgh Pirates,Injured
Kyle Keller ,28,RP,Pre-Arb,1,570500,0,570500,312834,0.56,312834,Pittsburgh Pirates,
Jared Oliva ,25,CF,Pre-Arb,3,570500,0,570500,288298,0.52,288298,Pittsburgh Pirates,
John Nogowski ,28,1B,Pre-Arb,2,571300,0,571300,276480,0.49,276480,Pittsburgh Pirates,
Nick Mears ,24,RP,Pre-Arb,2,570500,0,570500,260695,0.47,260695,Pittsburgh Pirates,
Manny Machado ,28,3B,Vet,,30000000,2000000,32000000,32000000,18.43,30000000,San Diego Padres,
Wil Myers,30,LF,Vet,,20000000,2500000,22500000,22500000,12.96,13833333,San Diego Padres,
Eric Hosmer ,31,1B,Vet,,20000000,1000000,21000000,21000000,12.1,18000000,San Diego Padres,
Yu Darvish ,34,SP,Vet,,22000000,0,22000000,19000000,10.94,18500000,San Diego Padres,
Blake Snell,28,SP,Arb 2,1,10500000,600000,11100000,11100000,6.39,10000000,San Diego Padres,
Tommy Pham,33,LF,Arb 3,,8900000,0,8900000,8900000,5.13,8900000,San Diego Padres,
Drew Pomeranz,32,RP,Vet,,6000000,2000000,8000000,8000000,4.61,8500000,San Diego Padres,
Ha-seong Kim,25,SS,Pre-Arb,3,7000000,0,7000000,7000000,4.03,7000000,San Diego Padres,
Joe Musgrove,28,SP,Arb 2,2,4450000,0,4450000,4450000,2.56,4450000,San Diego Padres,
Jurickson Profar,28,2B,Vet,,3500000,833333,4333333,4333333,2.5,7000000,San Diego Padres,
Dinelson Lamet,28,SP,Arb 1,3,4200000,0,4200000,4200000,2.42,4200000,San Diego Padres,Injured
Craig Stammen,37,RP,Vet,,4000000,0,4000000,4000000,2.3,4500000,San Diego Padres,
Mike Clevinger,30,SP,Arb 2,1,2000000,1500000,3500000,3500000,2.02,5750000,San Diego Padres,Injured
Matthew Strahm,29,RP,Arb 2,2,2050000,0,2050000,2050000,1.18,2050000,San Diego Padres,Injured
Pierce Johnson,30,RP,Pre-Arb,,2000000,0,2000000,2000000,1.15,2500000,San Diego Padres,
Mark Melancon,36,RP/CL,Vet,,2000000,0,2000000,2000000,1.15,3000000,San Diego Padres,
Fernando Tatis Jr. ,22,SS,Pre-Arb,3,1000000,714286,1714285,1714285,0.99,24285714,San Diego Padres,
Emilio Pagan,30,RP,Arb 1,1,1570000,0,1570000,1570000,0.9,1570000,San Diego Padres,
Victor Caratini,27,C,Arb 1,1,1300000,0,1300000,1300000,0.75,1300000,San Diego Padres,
Keone Kela,28,RP,Vet,,1200000,0,1200000,1200000,0.69,1200000,San Diego Padres,Injured
Dan Altavilla,28,RP,Arb 1,,850000,0,850000,850000,0.49,850000,San Diego Padres,Injured
Chris Paddack ,25,SP,Pre-Arb,3,610900,0,610900,610900,0.35,610900,San Diego Padres,
Tim Hill ,31,RP,Pre-Arb,2,596000,0,596000,596000,0.34,596000,San Diego Padres,
Trent Grisham ,24,CF,Pre-Arb,3,589200,0,589200,589200,0.34,589200,San Diego Padres,
Jake Cronenworth ,27,2B,Pre-Arb,3,584900,0,584900,584900,0.34,584900,San Diego Padres,
Austin Adams ,30,RP,Pre-Arb,,580200,0,580200,580200,0.33,580200,San Diego Padres,
Taylor Williams,29,RP,Pre-Arb,,577500,0,577500,577500,0.33,577500,San Diego Padres,Injured
Jose Castillo,25,RP,Pre-Arb,2,575000,0,575000,575000,0.33,575000,San Diego Padres,Injured
Michel Baez,25,SP,Pre-Arb,2,574200,0,574200,574200,0.33,574200,San Diego Padres,Injured
Javier Guerra,25,RP,Pre-Arb,,573100,0,573100,573100,0.33,573100,San Diego Padres,Injured
Adrian Morejon,22,SP,Pre-Arb,2,572900,0,572900,572900,0.33,572900,San Diego Padres,Injured
Jorge Mateo ,26,SS,Pre-Arb,,571800,0,571800,571800,0.33,571800,San Diego Padres,
Austin Nola ,31,C,Pre-Arb,2,571500,0,571500,571500,0.33,571500,San Diego Padres,
Jorge Ona,24,OF,Pre-Arb,2,570500,0,570500,570500,0.33,570500,San Diego Padres,Injured
Trey Wingenter,27,RP,Pre-Arb,2,570500,0,570500,570500,0.33,570500,San Diego Padres,Injured
Ryan Weathers,21,SP,Pre-Arb,3,570700,0,570700,524628,0.3,524628,San Diego Padres,Injured
Nabil Crismatt ,26,RP,Pre-Arb,2,585000,0,585000,509490,0.29,509490,San Diego Padres,
Miguel Diaz ,26,RP,Arb 2,1,570500,0,570500,435514,0.25,435514,San Diego Padres,
Brian O'Grady,29,LF,Pre-Arb,3,650000,0,650000,391440,0.23,391440,San Diego Padres,
Nick Ramirez,31,RP,Pre-Arb,3,570500,0,570500,371107,0.21,371107,San Diego Padres,Injured
Buster Posey ,34,C,Vet,,21400000,777777,22202777,22202777,14.42,18555556,San Francisco Giants,
Johnny Cueto,35,SP,Vet,,21000000,0,21000000,21000000,13.64,21666667,San Francisco Giants,
Kevin Gausman,30,SP,Vet,,18900000,0,18900000,18900000,12.28,18900000,San Francisco Giants,
Brandon Belt,33,1B,Vet,,16000000,1200000,17200000,17200000,11.17,14560000,San Francisco Giants,Injured
Evan Longoria,35,3B,Vet,,18500000,0,18500000,16500000,10.72,11165300,San Francisco Giants,Injured
Brandon Crawford,34,SS,Vet,,15000000,200000,15200000,15200000,9.87,12500000,San Francisco Giants,Injured
Anthony DeSclafani,31,SP,Vet,,6000000,0,6000000,6000000,3.9,6000000,San Francisco Giants,
Aaron Sanchez,28,SP,Vet,,4000000,0,4000000,4000000,2.6,4000000,San Francisco Giants,Injured
Donovan Solano,33,2B,Arb 3,1,3250000,0,3250000,3250000,2.11,3250000,San Francisco Giants,
Wilmer Flores,29,2B,Vet,,3000000,0,3000000,3000000,1.95,3125000,San Francisco Giants,
Alex Wood,30,SP,Vet,,3000000,0,3000000,3000000,1.95,3000000,San Francisco Giants,
Alex Dickerson,31,LF,Arb 3,1,2100000,0,2100000,2100000,1.36,2100000,San Francisco Giants,
Jake McGee,34,RP/CL,Vet,,2000000,0,2000000,2000000,1.3,2500000,San Francisco Giants,
Curt Casali,32,C,Arb 3,,1500000,0,2000000,2000000,1.3,1500000,San Francisco Giants,
Tommy La Stella,32,2B,Vet,,2000000,0,2000000,2000000,1.3,6250000,San Francisco Giants,Injured
Darin Ruf,34,1B,Arb 1,,1275000,0,1275000,1275000,0.83,1275000,San Francisco Giants,
Austin Slater,28,LF,Arb 1,1,1150000,0,1150000,1150000,0.75,1150000,San Francisco Giants,
Jose Alvarez,32,RP,Vet,,1050000,0,1050000,1050000,0.68,1150000,San Francisco Giants,
Jarlin Garcia,28,RP,Arb 1,,950000,0,950000,950000,0.62,950000,San Francisco Giants,
John Brebbia,31,RP,Arb 1,2,800000,0,800000,800000,0.52,800000,San Francisco Giants,
Reyes Moronta,28,RP,Arb 1,2,695000,0,695000,695000,0.45,695000,San Francisco Giants,Injured
Mike Yastrzemski ,30,RF,Pre-Arb,3,600000,0,600000,600000,0.39,600000,San Francisco Giants,
Tyler Rogers ,30,RP,Pre-Arb,3,583000,0,583000,583000,0.38,583000,San Francisco Giants,
Rico Garcia,27,SP,Pre-Arb,2,575000,0,575000,575000,0.37,575000,San Francisco Giants,Injured
Dedniel Nunez,25,RP,Pre-Arb,3,570500,0,570500,570500,0.37,570500,San Francisco Giants,Injured
Logan Webb ,24,SP,Pre-Arb,2,583000,0,583000,564120,0.37,564120,San Francisco Giants,
Jaylin Davis,27,RF,Pre-Arb,2,570500,0,570500,536725,0.35,536725,San Francisco Giants,Injured
Mike Tauchman ,30,CF,Pre-Arb,,624200,0,624200,533604,0.35,533604,San Francisco Giants,
Steven Duggar ,27,CF,Pre-Arb,1,570500,0,570500,490720,0.32,490720,San Francisco Giants,
Zack Littell ,25,RP,Pre-Arb,1,570500,0,570500,478452,0.31,478452,San Francisco Giants,
LaMonte Wade ,27,CF,Pre-Arb,2,570500,0,570500,414045,0.27,414045,San Francisco Giants,
Dominic Leone ,29,RP,Arb 4,,570500,0,570500,380308,0.25,380308,San Francisco Giants,
Sam Delaplane,0,RP,Pre-Arb,3,570500,0,570500,380308,0.25,380308,San Francisco Giants,Injured
Jason Vosler ,27,3B,Pre-Arb,3,570500,0,570500,361906,0.24,361906,San Francisco Giants,
Sam Long,25,SP,Pre-Arb,3,570500,0,570500,358839,0.23,358839,San Francisco Giants,Injured
Thairo Estrada ,25,2B,Pre-Arb,1,570500,0,570500,309767,0.2,309767,San Francisco Giants,
Jay Jackson ,33,RP,Pre-Arb,2,570500,0,570500,242293,0.16,242293,San Francisco Giants,
Aaron Blair ,29,SP,Arb 1,1,570500,0,570500,220824,0.14,220824,San Francisco Giants,
Kyle Seager,33,3B,Vet,,18000000,500000,18500000,18500000,22.78,14285714,Seattle Mariners,
Yusei Kikuchi,30,SP,Pre-Arb,3,15000000,1500000,16500000,16500000,20.32,14000000,Seattle Mariners,
James Paxton,32,SP,Vet,,8500000,0,8500000,8500000,10.47,8500000,Seattle Mariners,Injured
Marco Gonzales,29,SP,Arb 1,,5000000,250000,5250000,5250000,6.47,7500000,Seattle Mariners,
Mitch Haniger,30,RF,Arb 2,3,3010000,0,3010000,3010000,3.71,3010000,Seattle Mariners,
J.P. Crawford,26,SS,Arb 1,1,2050000,0,2050000,2050000,2.52,2050000,Seattle Mariners,
Chris Flexen,27,SP,Pre-Arb,,1400000,300000,1700000,1700000,2.09,2375000,Seattle Mariners,
Evan White,25,1B,Pre-Arb,3,1300000,0,1300000,1300000,1.6,4000000,Seattle Mariners,Injured
Ken Giles,30,RP,Vet,,1000000,275000,1275000,1275000,1.57,3500000,Seattle Mariners,Injured
Kendall Graveman,30,RP/CL,Arb 3,,1250000,0,1250000,1250000,1.54,1250000,Seattle Mariners,
Tom Murphy,30,C,Arb 1,,875000,0,875000,875000,1.08,875000,Seattle Mariners,
Drew Steckenrider ,30,RP,Arb 1,2,800000,0,800000,800000,0.99,800000,Seattle Mariners,
Keynan Middleton,27,RP,Arb 2,1,800000,0,800000,744073,0.92,744073,Seattle Mariners,
Kyle Lewis,25,CF,Pre-Arb,3,625000,0,625000,625000,0.77,625000,Seattle Mariners,Injured
Justus Sheffield,25,SP,Pre-Arb,2,625000,0,625000,625000,0.77,625000,Seattle Mariners,Injured
Casey Sadler ,30,RP,Pre-Arb,,591800,0,591800,591800,0.73,591800,Seattle Mariners,
Dylan Moore ,28,2B,Pre-Arb,3,590400,0,590400,590400,0.73,590400,Seattle Mariners,
Ty France ,26,DH,Pre-Arb,2,587500,0,587500,587500,0.72,587500,Seattle Mariners,
Nick Margevicius,25,SP,Pre-Arb,2,586900,0,586900,586900,0.72,586900,Seattle Mariners,Injured
Justin Dunn,25,SP,Pre-Arb,3,584900,0,584900,584900,0.72,584900,Seattle Mariners,Injured
Shed Long ,25,2B,Pre-Arb,1,580500,0,580500,580500,0.71,580500,Seattle Mariners,
Anthony Misiewicz ,26,RP,Pre-Arb,3,578700,0,578700,578700,0.71,578700,Seattle Mariners,
Andres Munoz,22,RP,Pre-Arb,3,575000,0,575000,575000,0.71,575000,Seattle Mariners,Injured
Sam Haggerty,27,2B,Pre-Arb,2,574300,0,574300,574300,0.71,574300,Seattle Mariners,Injured
Jake Fraley,26,OF,Pre-Arb,2,572100,0,572100,572100,0.7,572100,Seattle Mariners,Injured
Hector Santiago ,33,RP,Vet,,570500,0,570500,570500,0.7,570500,Seattle Mariners,
Ljay Newsome,24,RP,Pre-Arb,3,570500,0,570500,548993,0.68,548993,Seattle Mariners,Injured
Luis Torrens ,25,C,Pre-Arb,1,580700,0,580700,502642,0.62,502642,Seattle Mariners,
Erik Swanson ,27,RP,Pre-Arb,2,570500,0,570500,484586,0.6,484586,Seattle Mariners,
J.T. Chargois ,30,RP,Pre-Arb,,570500,0,570500,450849,0.56,450849,Seattle Mariners,
Logan Gilbert ,24,SP,Pre-Arb,3,570500,0,570500,438581,0.54,438581,Seattle Mariners,
Paul Sewald ,31,RP,Arb 1,,570500,0,570500,438581,0.54,438581,Seattle Mariners,
Jake Bauers ,25,1B,Pre-Arb,,600000,0,600000,370990,0.46,370990,Seattle Mariners,
Donnie Walton ,27,SS,Pre-Arb,2,570500,0,570500,343504,0.42,343504,Seattle Mariners,
Jarred Kelenic ,21,OF,Pre-Arb,3,570500,0,570500,318968,0.39,318968,Seattle Mariners,
Cal Raleigh ,24,C,Pre-Arb,,570500,0,570500,257628,0.32,257628,Seattle Mariners,
Darren McCaughan ,25,P,Pre-Arb,,570500,0,570500,226958,0.28,226958,Seattle Mariners,
Paul Goldschmidt,33,1B,Vet,,22000000,4000000,26000000,26000000,15.68,26000000,St. Louis Cardinals,
Nolan Arenado ,30,3B,Vet,,35000000,0,35025000,20570500,12.41,16126055,St. Louis Cardinals,
Matt Carpenter,35,3B,Vet,,18500000,0,18500000,18500000,11.16,19500000,St. Louis Cardinals,
Miles Mikolas,32,SP,Arb 2,,15750000,1000000,16750000,16750000,10.1,17000000,St. Louis Cardinals,Injured
Andrew Miller ,36,RP,Vet,,12000000,0,12000000,12000000,7.24,12000000,St. Louis Cardinals,
Carlos Martinez,29,SP,Vet,,11500000,200000,11700000,11700000,7.06,10200000,St. Louis Cardinals,Injured
Yadier Molina,38,C,Vet,,9000000,0,9000000,9000000,5.43,9000000,St. Louis Cardinals,
Adam Wainwright ,39,SP,Vet,,8000000,0,8000000,8000000,4.83,8000000,St. Louis Cardinals,
Paul DeJong,27,SS,Arb 1,3,4000000,166666,4166666,4166666,2.51,4333333,St. Louis Cardinals,
Kwang-hyun Kim,32,SP,Pre-Arb,3,4000000,0,4000000,4000000,2.41,4000000,St. Louis Cardinals,
Jack Flaherty,25,SP,Arb 1,2,3900000,0,3900000,3900000,2.35,3900000,St. Louis Cardinals,Injured
John Gant,28,RP,Arb 2,,2100000,0,2100000,2100000,1.27,2100000,St. Louis Cardinals,
Harrison Bader,27,CF,Arb 1,1,2000000,0,2000000,2000000,1.21,2000000,St. Louis Cardinals,
Alexander Reyes,26,RP/CL,Arb 1,2,900000,0,900000,900000,0.54,900000,St. Louis Cardinals,
Jordan Hicks,24,RP,Arb 1,3,862500,0,862500,862500,0.52,862500,St. Louis Cardinals,Injured
Tommy Edman ,26,2B,Pre-Arb,3,596000,0,596000,596000,0.36,596000,St. Louis Cardinals,
Dakota Hudson,26,SP,Pre-Arb,3,595700,0,595700,595700,0.36,595700,St. Louis Cardinals,Injured
Tyler O'Neill ,26,LF,Pre-Arb,1,594700,0,594700,594700,0.36,594700,St. Louis Cardinals,
Giovanny Gallegos ,29,RP,Pre-Arb,1,594500,0,594500,594500,0.36,594500,St. Louis Cardinals,
Daniel Poncedeleon,29,SP,Pre-Arb,,585500,0,585500,585500,0.35,585500,St. Louis Cardinals,Injured
Ryan Helsley ,26,RP,Pre-Arb,2,582300,0,582300,582300,0.35,582300,St. Louis Cardinals,
Genesis Cabrera ,24,RP,Pre-Arb,2,580900,0,580900,580900,0.35,580900,St. Louis Cardinals,
Andrew Knizner ,26,C,Pre-Arb,1,579200,0,579200,579200,0.35,579200,St. Louis Cardinals,
Dylan Carlson ,22,LF,Pre-Arb,3,577100,0,577100,577100,0.35,577100,St. Louis Cardinals,
Edmundo Sosa ,25,SS,Pre-Arb,,575900,0,575900,575900,0.35,575900,St. Louis Cardinals,
Jake Woodford ,24,RP,Pre-Arb,3,578300,0,578300,457023,0.28,457023,St. Louis Cardinals,
Max Moroff,28,2B,Arb 1,,570500,0,570500,435514,0.26,435514,St. Louis Cardinals,Injured
T.J. McFarland ,32,RP,Vet,,1000000,0,1000000,424704,0.26,424704,St. Louis Cardinals,
Johan Oviedo ,23,SP,Pre-Arb,3,570500,0,570500,414045,0.25,414045,St. Louis Cardinals,
Jose Rondon ,27,2B,Pre-Arb,,570500,0,570500,389509,0.23,389509,St. Louis Cardinals,
Wade LeBlanc ,36,SP,Vet,,570500,0,570500,331236,0.2,331236,St. Louis Cardinals,
Justin Miller ,34,RP,Arb 2,,570500,0,570500,282164,0.17,282164,St. Louis Cardinals,
Luis Garcia ,34,RP,Vet,,570500,0,570500,263762,0.16,263762,St. Louis Cardinals,
Kevin Kiermaier,31,CF,Vet,,11500000,166666,11666666,11666666,15.69,8916667,Tampa Bay Rays,
Chris Archer,32,SP,Vet,,6500000,0,6500000,6500000,8.74,6500000,Tampa Bay Rays,Injured
Nelson Cruz,40,DH,Vet,,13000000,0,13000000,5102116,6.86,5102116,Tampa Bay Rays,
Tyler Glasnow,27,SP,Arb 2,1,4000000,0,4000000,4000000,5.38,4000000,Tampa Bay Rays,Injured
Manuel Margot,26,RF,Arb 2,2,3400000,0,3400000,3400000,4.57,3400000,Tampa Bay Rays,Injured
Michael Wacha,30,SP,Vet,,3000000,0,3000000,3000000,4.04,3000000,Tampa Bay Rays,
Brandon Lowe ,26,2B,Pre-Arb,3,2500000,0,2500000,2500000,3.36,4000000,Tampa Bay Rays,
Ji-Man Choi,30,1B,Arb 1,,2450000,0,2450000,2450000,3.3,2450000,Tampa Bay Rays,
Ryan Yarbrough,29,SP,Pre-Arb,2,2300000,0,2300000,2300000,3.09,2300000,Tampa Bay Rays,
Joe Wendle,31,3B,Arb 1,1,2250000,0,2250000,2250000,3.03,2250000,Tampa Bay Rays,
Mike Zunino,30,C,Vet,,2000000,0,2000000,2000000,2.69,3000000,Tampa Bay Rays,
Collin McHugh,34,RP,Vet,1,1800000,0,1800000,1800000,2.42,1800000,Tampa Bay Rays,
Yonny Chirinos,27,SP,Pre-Arb,2,1175000,0,1175000,1175000,1.58,1175000,Tampa Bay Rays,Injured
Chaz Roe,34,RP,Arb 3,,1150000,0,1150000,1150000,1.55,1150000,Tampa Bay Rays,Injured
Tommy Hunter,34,RP,Vet,,2250000,0,2250000,870984,1.17,870984,Tampa Bay Rays,Injured
Oliver Drake,34,RP,Arb 2,,775000,0,775000,775000,1.04,775000,Tampa Bay Rays,Injured
Andrew Kittredge ,31,RP,Pre-Arb,1,750000,0,750000,750000,1.01,750000,Tampa Bay Rays,
Matt Wisler,28,RP,Arb 2,,1150000,0,1150000,698679,0.94,698679,Tampa Bay Rays,
Austin Meadows ,26,DH,Pre-Arb,2,591400,0,591400,591400,0.8,591400,Tampa Bay Rays,
Yandy Diaz ,29,3B,Pre-Arb,1,588900,0,588900,588900,0.79,588900,Tampa Bay Rays,
Jalen Beeks,27,RP,Pre-Arb,2,588800,0,588800,588800,0.79,588800,Tampa Bay Rays,Injured
Nick Anderson,30,RP,Pre-Arb,3,587800,0,587800,587800,0.79,587800,Tampa Bay Rays,Injured
Francisco Mejia ,25,C,Pre-Arb,1,586300,0,586300,586300,0.79,586300,Tampa Bay Rays,
Jeffrey Springs ,28,RP,Pre-Arb,3,585000,0,585000,585000,0.79,585000,Tampa Bay Rays,
Brett Phillips ,27,RF,Pre-Arb,,584400,0,584400,584400,0.79,584400,Tampa Bay Rays,
Pete Fairbanks ,27,RP,Pre-Arb,2,583800,0,583800,583800,0.79,583800,Tampa Bay Rays,
Diego Castillo ,27,RP/CL,Pre-Arb,2,582300,0,582300,582300,0.78,582300,Tampa Bay Rays,
Randy Arozarena ,26,LF,Pre-Arb,2,581200,0,581200,581200,0.78,581200,Tampa Bay Rays,
Cody Reed,28,RP,Pre-Arb,,581200,0,581200,581200,0.78,581200,Tampa Bay Rays,Injured
Colin Poche,27,RP,Pre-Arb,3,577800,0,577800,577800,0.78,577800,Tampa Bay Rays,Injured
Ryan Thompson,29,RP,Pre-Arb,3,577200,0,577200,577200,0.78,577200,Tampa Bay Rays,Injured
Josh Fleming ,25,SP,Pre-Arb,3,570500,0,570500,530591,0.71,530591,Tampa Bay Rays,
Shane McClanahan ,24,SP,Pre-Arb,3,570500,0,570500,481519,0.65,481519,Tampa Bay Rays,
J.P. Feyereisen,28,RP,Pre-Arb,3,572400,0,572400,418550,0.56,418550,Tampa Bay Rays,Injured
Taylor Walls ,24,SS,Pre-Arb,3,570500,0,570500,410978,0.55,410978,Tampa Bay Rays,
Luis Patino ,21,RP,Pre-Arb,3,570500,0,570500,334303,0.45,334303,Tampa Bay Rays,
Drew Rasmussen ,25,RP,Pre-Arb,3,573000,0,573000,317343,0.43,317343,Tampa Bay Rays,
Wander Franco ,20,SS,Pre-Arb,3,570500,0,570500,315901,0.42,315901,Tampa Bay Rays,
Louis Head ,31,RP,Pre-Arb,3,570500,0,570500,272963,0.37,272963,Tampa Bay Rays,
Kyle Gibson,33,SP,Vet,,10000000,0,10000000,10000000,10.73,9333333,Texas Rangers,
Jordan Lyles,30,SP,Vet,,8000000,0,8000000,8000000,8.58,8000000,Texas Rangers,
Joey Gallo,27,RF,Arb 2,1,6200000,0,6200000,6200000,6.65,6200000,Texas Rangers,
Jose Leclerc,27,RP,Arb 2,2,4000000,500000,4500000,4500000,4.83,3687500,Texas Rangers,Injured
David Dahl,27,LF,Arb 2,1,2700000,0,2700000,2700000,2.9,2700000,Texas Rangers,
Kohei Arihara,28,SP,Pre-Arb,3,2600000,0,2600000,2600000,2.79,3100000,Texas Rangers,Injured
Joely Rodriguez,29,RP,Arb 2,,2500000,0,2500000,2500000,2.68,2750000,Texas Rangers,
Ian Kennedy,36,RP/CL,Vet,,2150000,0,2150000,2150000,2.31,2150000,Texas Rangers,
Mike Foltynewicz,29,SP,Arb 4,,2000000,0,2000000,2000000,2.15,2000000,Texas Rangers,
Isiah Kiner-Falefa,26,SS,Arb 1,3,2000000,0,2000000,2000000,2.15,2000000,Texas Rangers,
Brock Holt,33,2B,Vet,1,1750000,0,1750000,1750000,1.88,1750000,Texas Rangers,
Charlie Culberson ,32,2B,Arb 3,,1500000,0,1500000,1500000,1.61,1500000,Texas Rangers,
Matt Bush,35,RP,Arb 2,,680000,0,680000,680000,0.73,680000,Texas Rangers,Injured
Ronald Guzman,26,1B,Pre-Arb,,606000,0,606000,606000,0.65,606000,Texas Rangers,Injured
Willie Calhoun,26,DH,Pre-Arb,1,593000,0,593000,593000,0.64,593000,Texas Rangers,Injured
Brett Martin ,26,RP,Pre-Arb,1,589500,0,589500,589500,0.63,589500,Texas Rangers,
Jonathan Hernandez,24,RP,Pre-Arb,1,587500,0,587500,587500,0.63,587500,Texas Rangers,Injured
Kolby Allard ,23,SP,Pre-Arb,2,584250,0,584250,584250,0.63,584250,Texas Rangers,
Jose Trevino ,28,C,Pre-Arb,1,584000,0,584000,584000,0.63,584000,Texas Rangers,
Taylor Hearn ,26,RP,Pre-Arb,2,582500,0,582500,582500,0.62,582500,Texas Rangers,
Nate Lowe ,25,1B,Pre-Arb,1,575000,0,575000,575000,0.62,575000,Texas Rangers,
Jonah Heim ,26,C,Pre-Arb,3,574000,0,574000,574000,0.62,574000,Texas Rangers,
Kyle Cody,26,RP,Pre-Arb,2,573500,0,573500,573500,0.62,573500,Texas Rangers,Injured
Dane Dunning ,26,SP,Pre-Arb,2,572500,0,572500,572500,0.61,572500,Texas Rangers,
John King,26,RP,Pre-Arb,3,572500,0,572500,572500,0.61,572500,Texas Rangers,Injured
Josh Sborz ,27,RP,Pre-Arb,1,573500,0,573500,548774,0.59,548774,Texas Rangers,
Adolis Garcia ,28,OF,Pre-Arb,1,575000,0,575000,534743,0.57,534743,Texas Rangers,
Eli White ,27,OF,Pre-Arb,3,572500,0,572500,492480,0.53,492480,Texas Rangers,
Hunter Wood,27,RP,Pre-Arb,,570500,0,570500,432447,0.46,432447,Texas Rangers,Injured
Demarcus Evans ,24,RP,Pre-Arb,2,571500,0,571500,396417,0.43,396417,Texas Rangers,
Andy Ibanez ,28,2B,Pre-Arb,3,570500,0,570500,371107,0.4,371107,Texas Rangers,
Spencer Patton ,33,RP,Arb 3,,570500,0,570500,355772,0.38,355772,Texas Rangers,
Joe Barlow ,25,RP,Pre-Arb,3,570500,0,570500,312834,0.34,312834,Texas Rangers,
Dennis Santana ,25,RP,Pre-Arb,1,575000,0,575000,284372,0.31,284372,Texas Rangers,
Curtis Terry ,24,1B,Pre-Arb,,570500,0,570500,220824,0.24,220824,Texas Rangers,
George Springer ,31,CF,Vet,,22000000,1666667,23666666,23666666,16.35,25000000,Toronto Blue Jays,
Hyun-Jin Ryu ,34,SP,Vet,,20000000,0,20000000,20000000,13.82,20000000,Toronto Blue Jays,
Marcus Semien,30,SS,Vet,,18000000,0,18000000,18000000,12.44,18000000,Toronto Blue Jays,
Randal Grichuk,29,RF,Vet,,9333333,1000000,10333333,10333333,7.14,10400000,Toronto Blue Jays,
Robbie Ray,29,SP,Vet,,8000000,0,8000000,8000000,5.53,8000000,Toronto Blue Jays,
Kirby Yates,34,RP,Vet,,5500000,0,5500000,5500000,3.8,5500000,Toronto Blue Jays,Injured
Steven Matz,30,SP,Arb 3,,5200000,0,5200000,5200000,3.59,5200000,Toronto Blue Jays,
Teoscar Hernandez,28,DH,Arb 1,1,4325000,0,4325000,4325000,2.99,4325000,Toronto Blue Jays,
Lourdes Gurriel Jr.,27,LF,Pre-Arb,1,3500000,428571,3928571,3928571,2.71,3142857,Toronto Blue Jays,
Ross Stripling,31,SP,Arb 2,2,3000000,0,3000000,3000000,2.07,3000000,Toronto Blue Jays,
Tyler Chatwood,31,RP,Vet,,3000000,0,3000000,3000000,2.07,3000000,Toronto Blue Jays,Injured
Corey Dickerson,32,LF,Vet,,9500000,0,9500000,2250000,1.55,2250000,Toronto Blue Jays,Injured
David Phelps,34,RP,Vet,,1750000,0,1750000,1750000,1.21,1750000,Toronto Blue Jays,Injured
Rafael Dolis,33,RP,Pre-Arb,,1500000,0,1500000,1500000,1.04,1500000,Toronto Blue Jays,
Tom Milone,34,SP,Vet,,1000000,0,1000000,1000000,0.69,1000000,Toronto Blue Jays,Injured
A.J. Cole,29,RP,Arb 2,,1000000,0,1000000,795648,0.55,795648,Toronto Blue Jays,Injured
Vladimir Guerrero Jr. ,22,1B,Pre-Arb,3,605400,0,605400,605400,0.42,605400,Toronto Blue Jays,
Cavan Biggio ,26,2B,Pre-Arb,3,604000,0,604000,604000,0.42,604000,Toronto Blue Jays,
Danny Jansen,26,C,Pre-Arb,2,601800,0,601800,601800,0.42,601800,Toronto Blue Jays,Injured
Tim Mayza ,29,RP,Arb 1,2,600000,0,600000,600000,0.41,600000,Toronto Blue Jays,
Ryan Borucki ,27,RP,Pre-Arb,1,595200,0,595200,595200,0.41,595200,Toronto Blue Jays,
Bo Bichette ,23,SS,Pre-Arb,3,587800,0,587800,587800,0.41,587800,Toronto Blue Jays,
Jordan Romano ,28,RP/CL,Pre-Arb,2,584000,0,584000,584000,0.4,584000,Toronto Blue Jays,
Julian Merryweather,29,RP,Pre-Arb,1,578400,0,578400,578400,0.4,578400,Toronto Blue Jays,Injured
Alejandro Kirk ,22,C,Pre-Arb,3,573500,0,573500,564189,0.39,564189,Toronto Blue Jays,
Jonathan Davis ,29,CF,Pre-Arb,1,579800,0,579800,545475,0.38,545475,Toronto Blue Jays,
Thomas Hatch ,26,SP,Pre-Arb,3,584800,0,584800,543912,0.38,543912,Toronto Blue Jays,
Santiago Espinal ,26,SS,Pre-Arb,3,570500,0,570500,506055,0.35,506055,Toronto Blue Jays,
Anthony Castro,26,RP,Pre-Arb,2,570500,0,570500,506055,0.35,506055,Toronto Blue Jays,Injured
Adam Cimber,30,RP,Arb 1,3,925000,0,925000,477408,0.33,477408,Toronto Blue Jays,
Reese McGuire ,26,C,Pre-Arb,,570500,0,570500,463117,0.32,463117,Toronto Blue Jays,
Jacob Barnes ,31,RP,Arb 2,,750000,0,750000,427440,0.3,427440,Toronto Blue Jays,
Alek Manoah,23,SP,Pre-Arb,3,570500,0,570500,395643,0.27,395643,Toronto Blue Jays,Injured
C.J. Edwards,29,RP,Arb 3,,570500,0,570500,386442,0.27,386442,Toronto Blue Jays,Injured
Tayler Saucedo ,28,RP,Pre-Arb,3,570500,0,570500,346571,0.24,346571,Toronto Blue Jays,
Trevor Richards ,28,RP,Pre-Arb,1,580900,0,580900,274824,0.19,274824,Toronto Blue Jays,
Breyvic Valera ,29,2B,Pre-Arb,,570500,0,570500,236159,0.16,236159,Toronto Blue Jays,
Max Scherzer,36,SP,Vet,,27360623,7142857,34603480,34603480,20.15,28689376,Washington Nationals,
Patrick Corbin,31,SP,Vet,,24000000,416666,24416666,24416666,14.22,23333333,Washington Nationals,
Stephen Strasburg,32,SP,Vet,,35000000,0,35000000,23571429,13.72,35000000,Washington Nationals,Injured
Trea Turner,28,SS,Arb 3,2,13000000,0,13000000,13000000,7.57,13000000,Washington Nationals,
Brad Hand,31,RP/CL,Vet,,10500000,0,10500000,10500000,6.11,10500000,Washington Nationals,
Juan Soto,22,RF,Arb 1,3,8500000,0,8500000,8500000,4.95,8500000,Washington Nationals,
Will Harris,36,RP,Vet,,8000000,0,8000000,8000000,4.66,8000000,Washington Nationals,Injured
Kyle Schwarber,28,LF,Arb 3,,7000000,0,7000000,7000000,4.08,10000000,Washington Nationals,Injured
Josh Bell,28,1B,Arb 2,2,6350000,0,6350000,6350000,3.7,6350000,Washington Nationals,
Daniel Hudson,34,RP,Vet,,6000000,0,6000000,6000000,3.49,5500000,Washington Nationals,
Yan Gomes,33,C,Vet,,6000000,0,6000000,6000000,3.49,5000000,Washington Nationals,Injured
Jon Lester,37,SP,Vet,,2000000,0,2000000,2000000,1.16,4884615,Washington Nationals,
Alex Avila,34,C,Vet,,1500000,0,1500000,1500000,0.87,1500000,Washington Nationals,Injured
Joe Ross,28,SP,Arb 3,,1500000,0,1500000,1500000,0.87,1500000,Washington Nationals,Injured
Josh Harrison,33,2B,Vet,,1000000,0,1000000,1000000,0.58,1000000,Washington Nationals,
Jordy Mercer ,34,SS,Vet,,1000000,0,1000000,1000000,0.58,1000000,Washington Nationals,
Ryan Zimmerman ,36,1B,Vet,,1000000,0,1000000,1000000,0.58,1000000,Washington Nationals,
Luis Avilan,31,RP,Vet,,950000,0,950000,950000,0.55,950000,Washington Nationals,Injured
Victor Robles ,24,CF,Pre-Arb,2,614000,0,614000,614000,0.36,614000,Washington Nationals,
Wander Suero ,29,RP,Pre-Arb,2,600700,0,600700,600700,0.35,600700,Washington Nationals,
Tanner Rainey,28,RP,Pre-Arb,1,589000,0,589000,589000,0.34,589000,Washington Nationals,Injured
Austin Voth ,29,RP,Pre-Arb,,587700,0,587700,587700,0.34,587700,Washington Nationals,
Kyle Finnegan ,29,RP,Pre-Arb,3,582400,0,582400,582400,0.34,582400,Washington Nationals,
Erick Fedde ,28,SP,Arb 1,,575000,0,575000,575000,0.33,575000,Washington Nationals,
Gerardo Parra ,34,RF,Vet,,1000000,0,1000000,564480,0.33,564480,Washington Nationals,
Samuel Clay ,28,RP,Pre-Arb,3,575000,0,575000,559471,0.33,559471,Washington Nationals,
Andrew Stevenson ,27,OF,Pre-Arb,1,579100,0,579100,551001,0.32,551001,Washington Nationals,
Paolo Espino ,34,RP,Pre-Arb,2,570500,0,570500,506055,0.29,506055,Washington Nationals,
Kyle McGowin,29,RP,Pre-Arb,1,570500,0,570500,460050,0.27,460050,Washington Nationals,Injured
Yadiel Hernandez ,33,OF,Pre-Arb,3,572600,0,572600,412452,0.24,412452,Washington Nationals,
Jefry Rodriguez ,27,RP,Pre-Arb,,570500,0,570500,346571,0.2,346571,Washington Nationals,
Ryne Harper ,32,RP,Pre-Arb,3,570500,0,570500,340437,0.2,340437,Washington Nationals,
Steven Fuentes,24,RP,Pre-Arb,3,570500,0,570500,315901,0.18,315901,Washington Nationals,Injured
Tres Barrera ,26,C,Pre-Arb,3,571500,0,571500,295008,0.17,295008,Washington Nationals,
Alcides Escobar ,34,SS,Vet,,570500,0,570500,282164,0.16,282164,Washington Nationals,
Rene Rivera,37,C,Vet,,570500,0,570500,242293,0.14,242293,Washington Nationals,
